transaction_id,note_id,score
TR00000001,N0079,0.8693783082280839
TR00000001,N0007,0.5549204366547721
TR00000001,N0022,0.5474487679345267
TR00000001,N0081,0.4471429300308228
TR00000001,N0014,0.4424070596694946
TR00000001,N0036,0.4392007112503052
TR00000001,N0038,0.42608596086502076
TR00000001,N0073,0.42318423986434933
TR00000001,N0023,0.4002541422843933
TR00000001,N0032,0.4002541422843933
TR00000002,N0079,0.594020220211574
TR00000002,N0007,0.5681916849953788
TR00000002,N0022,0.552352203641619
TR00000002,N0060,0.5038992595672607
TR00000002,N0078,0.5028760521752493
TR00000002,N0001,0.5014679997307914
TR00000002,N0073,0.48169164180755614
TR00000002,N0003,0.4794143748283386
TR00000002,N0070,0.45409804105758667
TR00000002,N0036,0.45201337337493896
TR00000003,N0022,0.6103580066135952
TR00000003,N0007,0.6050532409123013
TR00000003,N0079,0.5909532737731935
TR00000003,N0056,0.5457799553871154
TR00000003,N0020,0.5439823389053344
TR00000003,N0072,0.47107483148574825
TR00000003,N0041,0.46412360191345214
TR00000003,N0013,0.46191812753677364
TR00000003,N0081,0.4582040739059448
TR00000003,N0034,0.4542818427085876
TR00000004,N0001,0.9669628810882569
TR00000004,N0017,0.6491648077964782
TR00000004,N0007,0.6319124460220337
TR00000004,N0022,0.6215118765830994
TR00000004,N0045,0.5987151575088501
TR00000004,N0078,0.5669205379486084
TR00000004,N0018,0.5425821375846863
TR00000004,N0043,0.5251556992530823
TR00000004,N0040,0.5125279307365418
TR00000004,N0028,0.5056723117828369
TR00000005,N0017,0.9504608583450318
TR00000005,N0079,0.6787335773876735
TR00000005,N0001,0.6577860355377196
TR00000005,N0007,0.6391764402389526
TR00000005,N0022,0.634096086025238
TR00000005,N0043,0.586270637512207
TR00000005,N0028,0.5583671164512635
TR00000005,N0045,0.45871667861938475
TR00000005,N0060,0.4397701263427734
TR00000005,N0003,0.42681065797805784
TR00000006,N0007,0.6085361787251065
TR00000006,N0022,0.6000390120915005
TR00000006,N0014,0.5583681344985961
TR00000006,N0036,0.5563007593154907
TR00000006,N0038,0.5407086849212647
TR00000006,N0081,0.5319692969322205
TR00000006,N0073,0.4821866703033447
TR00000006,N0056,0.4808164548873901
TR00000006,N0070,0.4558374357223511
TR00000006,N0013,0.45395922660827637
TR00000007,N0007,0.5636763828141349
TR00000007,N0022,0.5546104448182242
TR00000007,N0004,0.4525076866149902
TR00000007,N0023,0.39926007986068723
TR00000007,N0032,0.39926007986068723
TR00000007,N0066,0.39926007986068723
TR00000007,N0057,0.3851049542427063
TR00000007,N0026,0.38248243331909176
TR00000007,N0062,0.38248243331909176
TR00000007,N0006,0.37603901624679564
TR00000008,N0079,0.657195884840829
TR00000008,N0073,0.5649394941329956
TR00000008,N0007,0.5622415440423147
TR00000008,N0022,0.5529369967324393
TR00000008,N0070,0.5386713695526123
TR00000008,N0078,0.49075468472072065
TR00000008,N0001,0.48354415587016514
TR00000008,N0014,0.44608340263366697
TR00000008,N0036,0.43608884811401366
TR00000008,N0038,0.429217779636383
TR00000009,N0007,0.49289844376700265
TR00000009,N0022,0.48182138545172554
TR00000009,N0023,0.40482101440429685
TR00000009,N0032,0.40482101440429685
TR00000009,N0066,0.40482101440429685
TR00000009,N0057,0.3857555866241455
TR00000009,N0026,0.38287417888641356
TR00000009,N0062,0.38287417888641356
TR00000009,N0044,0.3779911637306213
TR00000009,N0058,0.3779911637306213
TR00000010,N0007,0.5257275666509356
TR00000010,N0022,0.5094317878995622
TR00000010,N0072,0.5009201836585998
TR00000010,N0051,0.4589182734489441
TR00000010,N0076,0.4427121877670288
TR00000010,N0013,0.43244072198867795
TR00000010,N0034,0.4280621767044067
TR00000010,N0080,0.42113142013549804
TR00000010,N0056,0.41441502571105954
TR00000010,N0020,0.41427859067916867
TR00000011,N0080,0.9047781607082912
TR00000011,N0051,0.5761388969421387
TR00000011,N0076,0.5537737798690796
TR00000011,N0041,0.5025088787078857
TR00000011,N0024,0.4952775359153747
TR00000011,N0072,0.45673563480377194
TR00000011,N0023,0.3891786217689514
TR00000011,N0032,0.3891786217689514
TR00000011,N0066,0.3891786217689514
TR00000011,N0007,0.3847715735435486
TR00000012,N0080,0.605028636455536
TR00000012,N0054,0.5456495165824891
TR00000012,N0023,0.40895025730133056
TR00000012,N0032,0.40895025730133056
TR00000012,N0066,0.40895025730133056
TR00000012,N0026,0.39749354124069214
TR00000012,N0062,0.39749354124069214
TR00000012,N0007,0.39716556072235104
TR00000012,N0057,0.39716556072235104
TR00000012,N0061,0.3915312051773071
TR00000013,N0025,0.6003709197044372
TR00000013,N0052,0.4533202171325683
TR00000013,N0010,0.4440406322479248
TR00000013,N0023,0.3973364353179932
TR00000013,N0032,0.3973364353179932
TR00000013,N0066,0.3973364353179932
TR00000013,N0044,0.3895895004272461
TR00000013,N0058,0.3895895004272461
TR00000013,N0074,0.3895895004272461
TR00000013,N0061,0.38223513364791867
TR00000014,N0041,0.5278678059577941
TR00000014,N0080,0.523924708366394
TR00000014,N0024,0.5196122169494629
TR00000014,N0025,0.5092549698693412
TR00000014,N0072,0.4612997531890869
TR00000014,N0051,0.4560425877571106
TR00000014,N0076,0.4365115284919739
TR00000014,N0034,0.4356994271278381
TR00000014,N0013,0.4337926983833313
TR00000014,N0023,0.4041188836097717
TR00000015,N0080,0.5693849515914917
TR00000015,N0072,0.5648974895477294
TR00000015,N0041,0.5445175290107727
TR00000015,N0024,0.5381168842315673
TR00000015,N0013,0.4916949224472046
TR00000015,N0034,0.4874927234649658
TR00000015,N0051,0.4837373971939087
TR00000015,N0076,0.4587653160095215
TR00000015,N0023,0.4006918787956238
TR00000015,N0032,0.4006918787956238
TR00000016,N0013,0.54378582239151
TR00000016,N0034,0.5400299787521362
TR00000016,N0051,0.4755358648300171
TR00000016,N0076,0.4652391505241394
TR00000016,N0080,0.45068355321884157
TR00000016,N0072,0.45045847892761226
TR00000016,N0041,0.43144655227661133
TR00000016,N0020,0.4278542160987854
TR00000016,N0024,0.4203751802444458
TR00000016,N0056,0.4187073826789856
TR00000017,N0080,0.5314718995775496
TR00000017,N0072,0.502205855846405
TR00000017,N0051,0.47114714384078976
TR00000017,N0056,0.45276019096374515
TR00000017,N0076,0.4502585649490356
TR00000017,N0034,0.44202661514282227
TR00000017,N0013,0.4378275632858276
TR00000017,N0041,0.42168999910354615
TR00000017,N0024,0.41614015102386476
TR00000017,N0020,0.41367398500442504
TR00000018,N0080,0.6117487566811698
TR00000018,N0020,0.5223421692848206
TR00000018,N0056,0.5206103205680848
TR00000018,N0051,0.45555088520050047
TR00000018,N0072,0.4489149212837219
TR00000018,N0013,0.44217581748962403
TR00000018,N0076,0.43985781669616697
TR00000018,N0034,0.43178844451904297
TR00000018,N0041,0.4260716915130615
TR00000018,N0024,0.41487804651260374
TR00000019,N0073,0.5171817064285278
TR00000019,N0025,0.5144442217690604
TR00000019,N0070,0.49540048837661743
TR00000019,N0079,0.45125312805175777
TR00000019,N0014,0.4444440722465515
TR00000019,N0036,0.4380962491035461
TR00000019,N0038,0.4283150553703308
TR00000019,N0081,0.4250848889350891
TR00000019,N0023,0.40662624835968014
TR00000019,N0032,0.40662624835968014
TR00000020,N0020,0.9271021148136684
TR00000020,N0056,0.5065329790115356
TR00000020,N0025,0.4857010688100542
TR00000020,N0013,0.4639483642578125
TR00000020,N0034,0.46386299848556517
TR00000020,N0080,0.4592157316207886
TR00000020,N0072,0.4564843654632568
TR00000020,N0051,0.44570106267929077
TR00000020,N0076,0.42701321840286255
TR00000020,N0041,0.42276324033737184
TR00000021,N0080,0.694515027318682
TR00000021,N0051,0.5550497770309448
TR00000021,N0076,0.5511218070983886
TR00000021,N0072,0.4662494659423828
TR00000021,N0024,0.4312692403793335
TR00000021,N0041,0.4271865963935852
TR00000021,N0054,0.40944060087203976
TR00000021,N0023,0.4048784852027893
TR00000021,N0032,0.4048784852027893
TR00000021,N0066,0.4048784852027893
TR00000022,N0080,0.7549360343388148
TR00000022,N0051,0.575265908241272
TR00000022,N0076,0.554100489616394
TR00000022,N0041,0.5326898097991943
TR00000022,N0024,0.5111570358276367
TR00000022,N0072,0.5003427219390869
TR00000022,N0023,0.39131784439086914
TR00000022,N0032,0.39131784439086914
TR00000022,N0066,0.39131784439086914
TR00000022,N0007,0.3883802890777588
TR00000023,N0051,0.4961356949806213
TR00000023,N0076,0.487206335067749
TR00000023,N0080,0.4659541916847229
TR00000023,N0041,0.4465963840484619
TR00000023,N0024,0.43186125755310056
TR00000023,N0054,0.4188004374504089
TR00000023,N0007,0.40446717739105226
TR00000023,N0057,0.40446717739105226
TR00000023,N0025,0.3988604239055089
TR00000023,N0044,0.39714152812957765
TR00000024,N0080,0.6907401204109191
TR00000024,N0051,0.47345581054687497
TR00000024,N0076,0.4523600935935974
TR00000024,N0054,0.43123154640197753
TR00000024,N0026,0.4128328084945679
TR00000024,N0062,0.4128328084945679
TR00000024,N0007,0.40995848178863525
TR00000024,N0057,0.40995848178863525
TR00000024,N0023,0.40988481044769287
TR00000024,N0032,0.40988481044769287
TR00000025,N0041,0.5609867493311564
TR00000025,N0072,0.5486520290374756
TR00000025,N0024,0.5453539768854777
TR00000025,N0080,0.508598306065514
TR00000025,N0051,0.4692497412363688
TR00000025,N0076,0.45741086403528847
TR00000025,N0013,0.4351865530014038
TR00000025,N0034,0.42678233385086056
TR00000025,N0056,0.4151646852493286
TR00000025,N0020,0.41472201347351073
TR00000026,N0054,0.9538611432484219
TR00000026,N0023,0.543826219013759
TR00000026,N0032,0.4009690761566162
TR00000026,N0066,0.4009690761566162
TR00000026,N0044,0.38963234424591064
TR00000026,N0058,0.38963234424591064
TR00000026,N0074,0.38963234424591064
TR00000026,N0007,0.3805656909942627
TR00000026,N0057,0.3805656909942627
TR00000026,N0061,0.3724566221237183
TR00000027,N0052,0.5872728061676026
TR00000027,N0021,0.5789553642272949
TR00000027,N0010,0.5778832149505616
TR00000027,N0067,0.5609373211860657
TR00000027,N0009,0.42807585341589793
TR00000027,N0023,0.4102618217468262
TR00000027,N0032,0.4102618217468262
TR00000027,N0066,0.4102618217468262
TR00000027,N0025,0.4085406167166573
TR00000027,N0007,0.3813390970230102
TR00000028,N0052,0.5743870973587036
TR00000028,N0010,0.5614233016967773
TR00000028,N0021,0.45785754919052124
TR00000028,N0025,0.45051238877432687
TR00000028,N0067,0.4433565616607666
TR00000028,N0023,0.3971841216087341
TR00000028,N0032,0.3971841216087341
TR00000028,N0066,0.3971841216087341
TR00000028,N0009,0.3909926039831979
TR00000028,N0007,0.38491723537445066
TR00000029,N0054,0.5194380794252669
TR00000029,N0023,0.4065757155418396
TR00000029,N0032,0.4065757155418396
TR00000029,N0066,0.4065757155418396
TR00000029,N0007,0.3918545007705688
TR00000029,N0057,0.3918545007705688
TR00000029,N0044,0.38510048389434814
TR00000029,N0058,0.38510048389434814
TR00000029,N0074,0.38510048389434814
TR00000029,N0006,0.3809443831443787
TR00000030,N0058,0.45250348874500823
TR00000030,N0054,0.40339375734329225
TR00000030,N0023,0.4021186351776123
TR00000030,N0032,0.4021186351776123
TR00000030,N0066,0.4021186351776123
TR00000030,N0007,0.3848175287246704
TR00000030,N0057,0.3848175287246704
TR00000030,N0044,0.3810749173164368
TR00000030,N0074,0.3810749173164368
TR00000030,N0026,0.374472177028656
TR00000031,N0051,0.5770715355873107
TR00000031,N0076,0.5585872888565063
TR00000031,N0009,0.5526096888950893
TR00000031,N0072,0.5051633310317993
TR00000031,N0023,0.4777871353285653
TR00000031,N0080,0.445712149143219
TR00000031,N0041,0.4403125762939453
TR00000031,N0054,0.4396344614028931
TR00000031,N0024,0.4282459616661072
TR00000031,N0032,0.40635856389999386
TR00000032,N0020,0.6420784425735474
TR00000032,N0057,0.6188912221363613
TR00000032,N0058,0.6109380432537623
TR00000032,N0034,0.4925841999053955
TR00000032,N0013,0.485881609916687
TR00000032,N0051,0.48188359737396236
TR00000032,N0072,0.47662389278411865
TR00000032,N0080,0.472418851852417
TR00000032,N0076,0.45345053672790525
TR00000032,N0041,0.4515449523925781
TR00000033,N0009,0.5750087022781372
TR00000033,N0023,0.5119846497263227
TR00000033,N0072,0.5093619537353515
TR00000033,N0051,0.46054598093032834
TR00000033,N0076,0.4466559648513794
TR00000033,N0080,0.4301490783691406
TR00000033,N0041,0.41294041872024534
TR00000033,N0032,0.4048417925834656
TR00000033,N0066,0.4048417925834656
TR00000033,N0024,0.4035224676132202
TR00000034,N0023,0.6194986173084804
TR00000034,N0079,0.4908397626876831
TR00000034,N0060,0.4669379353523254
TR00000034,N0003,0.4479737520217895
TR00000034,N0036,0.44497525691986084
TR00000034,N0073,0.44448162317276
TR00000034,N0070,0.4189302921295166
TR00000034,N0017,0.4132328867912292
TR00000034,N0032,0.4052129030227661
TR00000034,N0066,0.4052129030227661
TR00000035,N0057,0.600366599219186
TR00000035,N0058,0.5822099038532802
TR00000035,N0034,0.5300993680953979
TR00000035,N0013,0.5280195474624634
TR00000035,N0020,0.5173417806625367
TR00000035,N0056,0.507467532157898
TR00000035,N0072,0.45910663604736324
TR00000035,N0051,0.4536639332771301
TR00000035,N0076,0.4313622236251831
TR00000035,N0041,0.4244642972946167
TR00000036,N0021,0.5850524187088013
TR00000036,N0052,0.5777187585830689
TR00000036,N0067,0.5702231287956238
TR00000036,N0010,0.5612253546714783
TR00000036,N0009,0.5398878642490932
TR00000036,N0023,0.4687654001372201
TR00000036,N0032,0.39733682870864867
TR00000036,N0066,0.39733682870864867
TR00000036,N0007,0.3836498737335205
TR00000036,N0057,0.3836498737335205
TR00000037,N0023,0.6230259725025722
TR00000037,N0021,0.4674444794654846
TR00000037,N0067,0.45739924907684326
TR00000037,N0052,0.4539829015731811
TR00000037,N0010,0.43930070400238036
TR00000037,N0032,0.4087402582168579
TR00000037,N0066,0.4087402582168579
TR00000037,N0009,0.3990889055388315
TR00000037,N0007,0.38693150281906125
TR00000037,N0057,0.38693150281906125
TR00000038,N0023,0.5802940266472952
TR00000038,N0009,0.5031866329056875
TR00000038,N0054,0.46269492421831404
TR00000038,N0032,0.4017225980758667
TR00000038,N0066,0.4017225980758667
TR00000038,N0044,0.38522400856018063
TR00000038,N0058,0.38522400856018063
TR00000038,N0074,0.38522400856018063
TR00000038,N0007,0.38167877197265626
TR00000038,N0057,0.38167877197265626
TR00000039,N0013,0.5441882252693176
TR00000039,N0034,0.5344457626342773
TR00000039,N0020,0.5246990442276
TR00000039,N0056,0.5240164399147034
TR00000039,N0051,0.4684661507606506
TR00000039,N0072,0.4632790446281433
TR00000039,N0058,0.4471062762396676
TR00000039,N0041,0.44299891710281375
TR00000039,N0076,0.43987122774124143
TR00000039,N0024,0.43395576000213626
TR00000040,N0023,0.580335225377764
TR00000040,N0014,0.5607646703720093
TR00000040,N0038,0.5408363938331604
TR00000040,N0081,0.5370279788970947
TR00000040,N0009,0.5055579560143607
TR00000040,N0036,0.4980282258987427
TR00000040,N0013,0.47528021335601806
TR00000040,N0034,0.46003367900848385
TR00000040,N0056,0.4535428762435913
TR00000040,N0073,0.4459757566452026
TR00000041,N0020,0.6323340677079701
TR00000041,N0013,0.5898799610137939
TR00000041,N0034,0.5786531639099121
TR00000041,N0056,0.5302705287933349
TR00000041,N0025,0.5081046308789934
TR00000041,N0080,0.47407989025115965
TR00000041,N0051,0.46931455135345457
TR00000041,N0072,0.46764585971832273
TR00000041,N0041,0.44602439403533933
TR00000041,N0076,0.4422652244567871
TR00000042,N0025,0.4751488651548113
TR00000042,N0051,0.4659488081932068
TR00000042,N0041,0.4513945341110229
TR00000042,N0076,0.4470313310623169
TR00000042,N0024,0.4380681753158569
TR00000042,N0054,0.43540062904357907
TR00000042,N0080,0.42937813997268676
TR00000042,N0023,0.39255988597869873
TR00000042,N0032,0.39255988597869873
TR00000042,N0066,0.39255988597869873
TR00000043,N0072,0.5757922649383544
TR00000043,N0080,0.5511687994003296
TR00000043,N0041,0.546764326095581
TR00000043,N0024,0.5353458404541016
TR00000043,N0051,0.4738497734069824
TR00000043,N0013,0.4659106850624084
TR00000043,N0034,0.46245245933532714
TR00000043,N0076,0.45633019208908077
TR00000043,N0023,0.40052926540374756
TR00000043,N0032,0.40052926540374756
TR00000044,N0072,0.5685062408447266
TR00000044,N0009,0.48290395396096364
TR00000044,N0051,0.47318823337554927
TR00000044,N0041,0.4549098292986552
TR00000044,N0076,0.4534867644309997
TR00000044,N0034,0.4500769257545471
TR00000044,N0013,0.4467951893806457
TR00000044,N0024,0.44273220698038734
TR00000044,N0020,0.44255833625793456
TR00000044,N0080,0.44000079631805417
TR00000045,N0058,0.5861813255718776
TR00000045,N0057,0.5839450069836207
TR00000045,N0021,0.4521518468856811
TR00000045,N0067,0.4362912654876709
TR00000045,N0023,0.3984408617019653
TR00000045,N0032,0.3984408617019653
TR00000045,N0066,0.3984408617019653
TR00000045,N0044,0.37189561128616333
TR00000045,N0074,0.37189561128616333
TR00000045,N0007,0.3696592926979065
TR00000046,N0058,0.5943702527454922
TR00000046,N0073,0.5378435850143433
TR00000046,N0057,0.5325221027646746
TR00000046,N0070,0.5117510557174683
TR00000046,N0079,0.4648771047592163
TR00000046,N0014,0.4428093910217285
TR00000046,N0036,0.4391324043273926
TR00000046,N0038,0.4285498023033142
TR00000046,N0081,0.4247892379760742
TR00000046,N0023,0.39814560413360595
TR00000047,N0054,0.5756333521434239
TR00000047,N0023,0.4131277441978454
TR00000047,N0032,0.4131277441978454
TR00000047,N0066,0.4131277441978454
TR00000047,N0007,0.393088173866272
TR00000047,N0057,0.393088173866272
TR00000047,N0026,0.3829772472381592
TR00000047,N0062,0.3829772472381592
TR00000047,N0006,0.38139556646347045
TR00000047,N0015,0.38139556646347045
TR00000048,N0040,0.9983572435379029
TR00000048,N0045,0.562949526309967
TR00000048,N0001,0.519710385799408
TR00000048,N0018,0.5181041717529297
TR00000048,N0071,0.47591385841369627
TR00000048,N0068,0.47496854066848754
TR00000048,N0060,0.4644922256469726
TR00000048,N0043,0.4490380883216858
TR00000048,N0003,0.44480574131011963
TR00000048,N0023,0.43851552520479475
TR00000049,N0079,0.45820333957672116
TR00000049,N0043,0.4530658364295959
TR00000049,N0060,0.4521867156028747
TR00000049,N0003,0.44211931228637696
TR00000049,N0073,0.43446840047836305
TR00000049,N0028,0.43388375043869015
TR00000049,N0017,0.42022401094436646
TR00000049,N0070,0.4102458357810974
TR00000049,N0023,0.4017961621284485
TR00000049,N0032,0.4017961621284485
TR00000050,N0072,0.5507311344146728
TR00000050,N0051,0.46889505386352537
TR00000050,N0041,0.46225175857543943
TR00000050,N0056,0.4559105706214905
TR00000050,N0013,0.4544111609458923
TR00000050,N0076,0.4460099458694458
TR00000050,N0024,0.4431889414787292
TR00000050,N0034,0.4420544385910034
TR00000050,N0062,0.43489064489092144
TR00000050,N0020,0.4308449864387512
TR00000051,N0057,0.602074772971017
TR00000051,N0014,0.5885229063034058
TR00000051,N0038,0.5740536403656006
TR00000051,N0081,0.5630476427078247
TR00000051,N0036,0.5535159826278686
TR00000051,N0058,0.5408254708562579
TR00000051,N0020,0.4753648829460144
TR00000051,N0034,0.4634207725524902
TR00000051,N0013,0.46337238550186155
TR00000051,N0073,0.4506767749786377
TR00000052,N0067,0.6145267810140337
TR00000052,N0021,0.5480934126036507
TR00000052,N0052,0.4693646192550659
TR00000052,N0010,0.4600025653839111
TR00000052,N0044,0.4139391303062439
TR00000052,N0058,0.4139391303062439
TR00000052,N0074,0.4139391303062439
TR00000052,N0023,0.4079535484313965
TR00000052,N0032,0.4079535484313965
TR00000052,N0066,0.4079535484313965
TR00000053,N0054,0.4310672521591186
TR00000053,N0023,0.4022109746932983
TR00000053,N0032,0.4022109746932983
TR00000053,N0066,0.4022109746932983
TR00000053,N0061,0.39873307943344116
TR00000053,N0026,0.39698803424835205
TR00000053,N0062,0.39698803424835205
TR00000053,N0007,0.39229910373687743
TR00000053,N0057,0.39229910373687743
TR00000053,N0044,0.3910393238067627
TR00000054,N0056,0.613103619984218
TR00000054,N0051,0.4846604704856872
TR00000054,N0072,0.48065106868743895
TR00000054,N0076,0.45517430305480955
TR00000054,N0034,0.45266497135162354
TR00000054,N0057,0.4512463910239083
TR00000054,N0013,0.4441241383552551
TR00000054,N0041,0.43987895250320436
TR00000054,N0080,0.43900730609893795
TR00000054,N0020,0.434240984916687
TR00000055,N0054,0.5297298192977905
TR00000055,N0021,0.4371413898468018
TR00000055,N0045,0.433875538962228
TR00000055,N0056,0.4176324319839478
TR00000055,N0023,0.40727255344390867
TR00000055,N0032,0.40727255344390867
TR00000055,N0066,0.40727255344390867
TR00000055,N0044,0.38837442398071287
TR00000055,N0058,0.38837442398071287
TR00000055,N0074,0.38837442398071287
TR00000056,N0057,0.44017845221928187
TR00000056,N0054,0.40495340824127196
TR00000056,N0071,0.39849459330240883
TR00000056,N0023,0.3882405638694763
TR00000056,N0032,0.3882405638694763
TR00000056,N0066,0.3882405638694763
TR00000056,N0006,0.383025062084198
TR00000056,N0015,0.383025062084198
TR00000056,N0022,0.383025062084198
TR00000056,N0046,0.383025062084198
TR00000057,N0071,0.988470549583435
TR00000057,N0068,0.919216856275286
TR00000057,N0045,0.5610237274851118
TR00000057,N0078,0.5077431559562683
TR00000057,N0082,0.48932113477161954
TR00000057,N0018,0.47046420403889244
TR00000057,N0060,0.4560924243927002
TR00000057,N0004,0.4554551839828491
TR00000057,N0057,0.44277797767094207
TR00000057,N0003,0.437399537563324
TR00000058,N0018,1.0
TR00000058,N0045,0.9987664123943873
TR00000058,N0082,0.8988305640220643
TR00000058,N0001,0.5859024238586426
TR00000058,N0043,0.5536656856536865
TR00000058,N0040,0.5529140949249267
TR00000058,N0028,0.5390426397323609
TR00000058,N0017,0.5349712610244751
TR00000058,N0056,0.5327918379647392
TR00000058,N0060,0.5105572175979614
TR00000059,N0057,0.5221080865178789
TR00000059,N0058,0.4438714964049203
TR00000059,N0054,0.3992636203765869
TR00000059,N0023,0.3961983919143677
TR00000059,N0032,0.3961983919143677
TR00000059,N0066,0.3961983919143677
TR00000059,N0007,0.3792509436607361
TR00000059,N0026,0.37788569927215576
TR00000059,N0062,0.37788569927215576
TR00000059,N0044,0.37244292497634884
TR00000060,N0062,0.5988952466419766
TR00000060,N0023,0.4074429631233215
TR00000060,N0032,0.4074429631233215
TR00000060,N0066,0.4074429631233215
TR00000060,N0054,0.3997077226638794
TR00000060,N0007,0.38721381425857543
TR00000060,N0057,0.38721381425857543
TR00000060,N0026,0.3846095323562622
TR00000060,N0006,0.3758094549179077
TR00000060,N0015,0.3758094549179077
TR00000061,N0021,0.7088447093963623
TR00000061,N0067,0.6311845438820975
TR00000061,N0052,0.452670407295227
TR00000061,N0010,0.44266841411590574
TR00000061,N0023,0.40262571573257444
TR00000061,N0032,0.40262571573257444
TR00000061,N0066,0.40262571573257444
TR00000061,N0007,0.3886305570602417
TR00000061,N0057,0.3886305570602417
TR00000061,N0006,0.3820321083068848
TR00000062,N0062,0.48604987008231026
TR00000062,N0054,0.40204975605010984
TR00000062,N0023,0.3970953583717346
TR00000062,N0032,0.3970953583717346
TR00000062,N0066,0.3970953583717346
TR00000062,N0007,0.3819818258285522
TR00000062,N0057,0.3819818258285522
TR00000062,N0026,0.3789070129394531
TR00000062,N0044,0.37114391326904295
TR00000062,N0058,0.37114391326904295
TR00000063,N0062,0.6251452037266323
TR00000063,N0054,0.5885676336288452
TR00000063,N0007,0.4142949342727661
TR00000063,N0057,0.4142949342727661
TR00000063,N0023,0.411667263507843
TR00000063,N0032,0.411667263507843
TR00000063,N0066,0.411667263507843
TR00000063,N0061,0.4109694242477417
TR00000063,N0026,0.41085948944091794
TR00000063,N0016,0.3953477740287781
TR00000064,N0021,1.0
TR00000064,N0067,0.9993526956013271
TR00000064,N0052,0.5785327553749084
TR00000064,N0010,0.5655721068382263
TR00000064,N0082,0.5409616252354215
TR00000064,N0045,0.4111495494842529
TR00000064,N0044,0.4005216121673584
TR00000064,N0058,0.4005216121673584
TR00000064,N0074,0.4005216121673584
TR00000064,N0023,0.3955987572669983
TR00000065,N0057,0.5932921477726527
TR00000065,N0058,0.5207942690168108
TR00000065,N0043,0.44882798194885254
TR00000065,N0003,0.4429431796073913
TR00000065,N0079,0.4395225763320923
TR00000065,N0028,0.4358387231826782
TR00000065,N0060,0.4282330870628357
TR00000065,N0070,0.4262965679168701
TR00000065,N0017,0.42313964366912843
TR00000065,N0073,0.4079439640045166
TR00000066,N0051,0.4889761447906494
TR00000066,N0080,0.4831004452705383
TR00000066,N0041,0.4686981081962585
TR00000066,N0072,0.46854400634765625
TR00000066,N0076,0.4587551951408386
TR00000066,N0024,0.4491343259811401
TR00000066,N0054,0.44245548248291017
TR00000066,N0007,0.41414222717285154
TR00000066,N0057,0.41414222717285154
TR00000066,N0023,0.41358557939529417
TR00000067,N0056,0.9281893392971584
TR00000067,N0045,0.600473256111145
TR00000067,N0013,0.5399866342544556
TR00000067,N0034,0.5343638300895691
TR00000067,N0082,0.5325636645725795
TR00000067,N0020,0.5278193831443787
TR00000067,N0018,0.515229584830148
TR00000067,N0051,0.468763267993927
TR00000067,N0072,0.46257702112197874
TR00000067,N0076,0.44812484979629513
TR00000068,N0062,0.5852919408253261
TR00000068,N0054,0.41323935985565186
TR00000068,N0023,0.40114059448242184
TR00000068,N0032,0.40114059448242184
TR00000068,N0066,0.40114059448242184
TR00000068,N0007,0.386117148399353
TR00000068,N0057,0.386117148399353
TR00000068,N0044,0.3845870018005371
TR00000068,N0058,0.3845870018005371
TR00000068,N0074,0.3845870018005371
TR00000069,N0057,0.5916367956570217
TR00000069,N0058,0.5164944733892168
TR00000069,N0051,0.4744557380676269
TR00000069,N0072,0.468243134021759
TR00000069,N0076,0.44804270267486573
TR00000069,N0034,0.4464641332626343
TR00000069,N0013,0.4367413759231567
TR00000069,N0041,0.4289004921913147
TR00000069,N0020,0.4281949281692505
TR00000069,N0024,0.425285804271698
TR00000070,N0036,0.5807940125465393
TR00000070,N0062,0.5094172034944806
TR00000070,N0013,0.46812475919723506
TR00000070,N0038,0.4620467662811279
TR00000070,N0014,0.4616832733154297
TR00000070,N0034,0.453605318069458
TR00000070,N0056,0.45030966997146604
TR00000070,N0020,0.44417721033096313
TR00000070,N0081,0.4428502321243286
TR00000070,N0070,0.43573315143585206
TR00000071,N0057,0.6247637578419276
TR00000071,N0020,0.5634573856989542
TR00000071,N0058,0.5432989682470049
TR00000071,N0056,0.5275614976882934
TR00000071,N0051,0.484909987449646
TR00000071,N0072,0.48487100601196287
TR00000071,N0076,0.4604182720184326
TR00000071,N0034,0.45893361568450924
TR00000071,N0041,0.4582686424255371
TR00000071,N0013,0.4521864652633667
TR00000072,N0062,0.5647734778267997
TR00000072,N0054,0.4433143091201782
TR00000072,N0023,0.41276707649230954
TR00000072,N0032,0.41276707649230954
TR00000072,N0066,0.41276707649230954
TR00000072,N0007,0.39591590166091917
TR00000072,N0057,0.39591590166091917
TR00000072,N0026,0.3862020492553711
TR00000072,N0006,0.3833554744720459
TR00000072,N0015,0.3833554744720459
TR00000073,N0051,0.48717781305313107
TR00000073,N0062,0.4668509823935373
TR00000073,N0076,0.46621813774108883
TR00000073,N0023,0.41183795928955075
TR00000073,N0032,0.41183795928955075
TR00000073,N0066,0.41183795928955075
TR00000073,N0054,0.4068605303764343
TR00000073,N0037,0.39735342264175416
TR00000073,N0026,0.39542241096496583
TR00000073,N0044,0.39531000852584836
TR00000074,N0062,0.5900887676647731
TR00000074,N0021,0.4520813941955566
TR00000074,N0052,0.4494795799255371
TR00000074,N0067,0.4460458874702454
TR00000074,N0010,0.4378037095069885
TR00000074,N0023,0.4064789056777954
TR00000074,N0032,0.4064789056777954
TR00000074,N0066,0.4064789056777954
TR00000074,N0007,0.3870822429656982
TR00000074,N0057,0.3870822429656982
TR00000075,N0057,0.49815972191946845
TR00000075,N0051,0.4845126628875732
TR00000075,N0041,0.47072470585505166
TR00000075,N0024,0.46180950800577797
TR00000075,N0076,0.46054587364196775
TR00000075,N0080,0.4490339756011963
TR00000075,N0058,0.4392471245356968
TR00000075,N0054,0.42065491676330563
TR00000075,N0023,0.405788254737854
TR00000075,N0032,0.405788254737854
TR00000076,N0060,0.4747764229774475
TR00000076,N0003,0.474297559261322
TR00000076,N0079,0.4657121658325195
TR00000076,N0036,0.464854896068573
TR00000076,N0038,0.45429732799530026
TR00000076,N0014,0.4485684156417847
TR00000076,N0070,0.4419617772102356
TR00000076,N0081,0.43984673023223875
TR00000076,N0073,0.4296539783477783
TR00000076,N0023,0.41569833755493163
TR00000077,N0072,0.4927887630462646
TR00000077,N0013,0.45537596146265663
TR00000077,N0034,0.44824132124582927
TR00000077,N0080,0.4423744360605876
TR00000077,N0063,0.4309435282434736
TR00000077,N0014,0.4289758443832397
TR00000077,N0036,0.4205833196640015
TR00000077,N0038,0.4171986937522888
TR00000077,N0056,0.4161540985107422
TR00000077,N0020,0.4161206245422363
TR00000078,N0066,0.5143536840166365
TR00000078,N0021,0.4997560421625773
TR00000078,N0052,0.47942127704620363
TR00000078,N0010,0.4778419923782349
TR00000078,N0067,0.4774752537409464
TR00000078,N0004,0.41466581821441656
TR00000078,N0026,0.4102299928665161
TR00000078,N0062,0.4102299928665161
TR00000078,N0023,0.4072108268737793
TR00000078,N0032,0.4072108268737793
TR00000079,N0066,0.5091099653925215
TR00000079,N0013,0.477107826868693
TR00000079,N0072,0.47664484977722166
TR00000079,N0051,0.4753138303756714
TR00000079,N0034,0.47078932921091715
TR00000079,N0080,0.4542047301928202
TR00000079,N0076,0.4523133873939514
TR00000079,N0056,0.44212002754211427
TR00000079,N0041,0.4405168533325195
TR00000079,N0020,0.4384777307510376
TR00000080,N0063,0.4781658127194359
TR00000080,N0023,0.39964563846588136
TR00000080,N0032,0.39964563846588136
TR00000080,N0066,0.39964563846588136
TR00000080,N0054,0.3982308268547058
TR00000080,N0010,0.39205268621444694
TR00000080,N0026,0.3865801334381103
TR00000080,N0062,0.3865801334381103
TR00000080,N0061,0.3852303385734558
TR00000080,N0044,0.3796314597129822
TR00000081,N0041,0.6625645470619201
TR00000081,N0024,0.6423699808120727
TR00000081,N0051,0.5953510403633118
TR00000081,N0076,0.5671036958694458
TR00000081,N0080,0.4616469383239746
TR00000081,N0072,0.4585439443588257
TR00000081,N0066,0.43508326326097757
TR00000081,N0054,0.43182166814804074
TR00000081,N0044,0.4156192302703857
TR00000081,N0058,0.4156192302703857
TR00000082,N0080,0.5637575697898864
TR00000082,N0041,0.5358747005462646
TR00000082,N0024,0.521329402923584
TR00000082,N0051,0.5002174806594848
TR00000082,N0076,0.48334656476974486
TR00000082,N0072,0.48106262683868406
TR00000082,N0013,0.45280129909515376
TR00000082,N0034,0.4486075758934021
TR00000082,N0063,0.4336521301950727
TR00000082,N0023,0.400587272644043
TR00000083,N0066,0.6297193356922695
TR00000083,N0072,0.48370220661163327
TR00000083,N0076,0.47980241775512694
TR00000083,N0051,0.4779470443725586
TR00000083,N0041,0.4682338714599609
TR00000083,N0024,0.46661388874053955
TR00000083,N0054,0.4446917295455933
TR00000083,N0080,0.44065582752227783
TR00000083,N0023,0.41543362140655515
TR00000083,N0032,0.41543362140655515
TR00000084,N0004,0.9782446166447231
TR00000084,N0066,0.5458923424993243
TR00000084,N0071,0.46961184740066525
TR00000084,N0068,0.4635186910629272
TR00000084,N0045,0.46217072010040283
TR00000084,N0040,0.44364337921142577
TR00000084,N0082,0.4317218542098999
TR00000084,N0078,0.4179478883743286
TR00000084,N0001,0.4144365549087524
TR00000084,N0018,0.40892114639282223
TR00000085,N0051,0.4721367359161377
TR00000085,N0054,0.4674424242973328
TR00000085,N0076,0.4492343544960022
TR00000085,N0023,0.4086242079734802
TR00000085,N0032,0.4086242079734802
TR00000085,N0066,0.4086242079734802
TR00000085,N0007,0.40148881673812864
TR00000085,N0057,0.40148881673812864
TR00000085,N0026,0.3975192546844482
TR00000085,N0062,0.3975192546844482
TR00000086,N0079,0.5583883762359619
TR00000086,N0073,0.44828919887542723
TR00000086,N0014,0.4449519395828247
TR00000086,N0036,0.4386961698532104
TR00000086,N0063,0.43237582785742623
TR00000086,N0081,0.4319576025009155
TR00000086,N0038,0.42712104320526123
TR00000086,N0070,0.4219198656082153
TR00000086,N0010,0.40680775165557864
TR00000086,N0023,0.3983130812644958
TR00000087,N0051,0.5116944026947021
TR00000087,N0076,0.48701747179031374
TR00000087,N0080,0.45177603483200074
TR00000087,N0041,0.44407149553298947
TR00000087,N0024,0.4411072969436645
TR00000087,N0054,0.420174765586853
TR00000087,N0023,0.39894704818725585
TR00000087,N0032,0.39894704818725585
TR00000087,N0066,0.39894704818725585
TR00000087,N0006,0.39342992305755614
TR00000088,N0072,0.5625923633575439
TR00000088,N0066,0.47950546571186614
TR00000088,N0051,0.47448667287826535
TR00000088,N0056,0.46719462394714356
TR00000088,N0013,0.45911335945129395
TR00000088,N0034,0.445819616317749
TR00000088,N0041,0.4457338571548462
TR00000088,N0076,0.4443795204162598
TR00000088,N0020,0.4361555457115173
TR00000088,N0024,0.4359145402908325
TR00000089,N0054,0.5802736353874207
TR00000089,N0066,0.5773526089532035
TR00000089,N0023,0.3987811803817749
TR00000089,N0032,0.3987811803817749
TR00000089,N0044,0.3984039545059204
TR00000089,N0058,0.3984039545059204
TR00000089,N0074,0.3984039545059204
TR00000089,N0007,0.38913094997406006
TR00000089,N0057,0.38913094997406006
TR00000089,N0026,0.37435977458953856
TR00000090,N0023,0.40434297323226925
TR00000090,N0032,0.40434297323226925
TR00000090,N0066,0.40434297323226925
TR00000090,N0054,0.39867875576019285
TR00000090,N0007,0.3804055094718933
TR00000090,N0057,0.3804055094718933
TR00000090,N0061,0.3746394395828247
TR00000090,N0044,0.3728518009185791
TR00000090,N0058,0.3728518009185791
TR00000090,N0074,0.3728518009185791
TR00000091,N0072,0.574155330657959
TR00000091,N0063,0.5130290167672293
TR00000091,N0051,0.4808291673660278
TR00000091,N0034,0.4595686197280884
TR00000091,N0013,0.4580917596817016
TR00000091,N0076,0.4566077470779419
TR00000091,N0041,0.45634574890136714
TR00000091,N0080,0.4505406618118286
TR00000091,N0020,0.4453956842422485
TR00000091,N0056,0.44376100301742555
TR00000092,N0063,0.5284310477120535
TR00000092,N0072,0.4878657023111979
TR00000092,N0032,0.4757931096213205
TR00000092,N0036,0.47312320868174235
TR00000092,N0013,0.46896793047587076
TR00000092,N0034,0.4684410730997721
TR00000092,N0041,0.4546124617258708
TR00000092,N0081,0.45368223587671913
TR00000092,N0014,0.45316139459609983
TR00000092,N0038,0.441870903968811
TR00000093,N0066,0.5472603048597063
TR00000093,N0036,0.449675703048706
TR00000093,N0079,0.4451067209243774
TR00000093,N0003,0.43528908491134644
TR00000093,N0060,0.4335564851760864
TR00000093,N0070,0.41378213167190553
TR00000093,N0023,0.4044031620025635
TR00000093,N0032,0.4044031620025635
TR00000093,N0073,0.40267850160598756
TR00000093,N0044,0.3866300582885742
TR00000094,N0023,0.4005976438522339
TR00000094,N0032,0.4005976438522339
TR00000094,N0066,0.4005976438522339
TR00000094,N0007,0.38546812534332275
TR00000094,N0057,0.38546812534332275
TR00000094,N0026,0.3810868263244629
TR00000094,N0062,0.3810868263244629
TR00000094,N0044,0.3749341249465942
TR00000094,N0058,0.3749341249465942
TR00000094,N0074,0.3749341249465942
TR00000095,N0072,0.6090949487686157
TR00000095,N0041,0.5559966516494751
TR00000095,N0024,0.5446823787689209
TR00000095,N0066,0.542211994103023
TR00000095,N0051,0.4702001094818115
TR00000095,N0076,0.4574973106384277
TR00000095,N0034,0.44575202465057373
TR00000095,N0080,0.4423009157180786
TR00000095,N0013,0.4421568989753723
TR00000095,N0020,0.4300511240959167
TR00000096,N0066,0.47803271838596884
TR00000096,N0021,0.46421735286712645
TR00000096,N0067,0.45333902835845946
TR00000096,N0010,0.4443564534187317
TR00000096,N0052,0.44107958078384396
TR00000096,N0023,0.40660414695739744
TR00000096,N0032,0.40660414695739744
TR00000096,N0044,0.4051595449447632
TR00000096,N0058,0.4051595449447632
TR00000096,N0074,0.4051595449447632
TR00000097,N0063,0.5662167498043605
TR00000097,N0032,0.44152507100786487
TR00000097,N0054,0.4076258897781372
TR00000097,N0023,0.4058107852935791
TR00000097,N0066,0.4058107852935791
TR00000097,N0044,0.3892965316772461
TR00000097,N0058,0.3892965316772461
TR00000097,N0074,0.3892965316772461
TR00000097,N0037,0.38517050743103026
TR00000097,N0007,0.38396458625793456
TR00000098,N0014,0.4724955630302429
TR00000098,N0072,0.4703864336013794
TR00000098,N0038,0.46229812622070315
TR00000098,N0020,0.4558693718910217
TR00000098,N0081,0.4537109088897705
TR00000098,N0013,0.4526708364486694
TR00000098,N0034,0.4516872882843017
TR00000098,N0036,0.44107632637023925
TR00000098,N0066,0.4321571520396641
TR00000098,N0056,0.42545993328094484
TR00000099,N0072,0.4830925941467285
TR00000099,N0013,0.4588743209838867
TR00000099,N0036,0.453782057762146
TR00000099,N0056,0.44591217041015624
TR00000099,N0014,0.44561723470687864
TR00000099,N0034,0.44404828548431396
TR00000099,N0038,0.43123244047164916
TR00000099,N0020,0.43019760847091676
TR00000099,N0081,0.41334943771362304
TR00000099,N0023,0.39838714599609376
TR00000100,N0021,0.4498977541923523
TR00000100,N0067,0.4415267944335937
TR00000100,N0052,0.4343190908432007
TR00000100,N0010,0.4296627402305603
TR00000100,N0023,0.4025264382362366
TR00000100,N0032,0.4025264382362366
TR00000100,N0066,0.4025264382362366
TR00000100,N0007,0.3891251564025879
TR00000100,N0057,0.3891251564025879
TR00000100,N0026,0.38849730491638185
TR00000101,N0010,0.9463075419834682
TR00000101,N0052,0.9178723066193717
TR00000101,N0021,0.5649751186370849
TR00000101,N0067,0.5419056177139282
TR00000101,N0063,0.4563707556043352
TR00000101,N0023,0.39852215051651
TR00000101,N0032,0.39852215051651
TR00000101,N0066,0.39852215051651
TR00000101,N0007,0.3722574234008789
TR00000101,N0057,0.3722574234008789
TR00000102,N0066,0.6283704706600735
TR00000102,N0054,0.4323302865028381
TR00000102,N0007,0.41504673957824706
TR00000102,N0057,0.41504673957824706
TR00000102,N0023,0.4140847563743591
TR00000102,N0032,0.4140847563743591
TR00000102,N0026,0.40430145263671874
TR00000102,N0062,0.40430145263671874
TR00000102,N0061,0.3954139709472656
TR00000102,N0006,0.388670539855957
TR00000103,N0063,0.573918616771698
TR00000103,N0023,0.4066832900047302
TR00000103,N0032,0.4066832900047302
TR00000103,N0066,0.4066832900047302
TR00000103,N0054,0.40059921741485593
TR00000103,N0007,0.38671610355377195
TR00000103,N0057,0.38671610355377195
TR00000103,N0026,0.38058793544769287
TR00000103,N0062,0.38058793544769287
TR00000103,N0006,0.3758490800857544
TR00000104,N0066,0.44172183786119734
TR00000104,N0054,0.42014307975769044
TR00000104,N0023,0.4060075521469116
TR00000104,N0032,0.4060075521469116
TR00000104,N0007,0.4035672426223755
TR00000104,N0057,0.4035672426223755
TR00000104,N0026,0.4025392413139343
TR00000104,N0062,0.4025392413139343
TR00000104,N0061,0.39298478364944456
TR00000104,N0044,0.39066038131713865
TR00000105,N0080,0.5882960748672486
TR00000105,N0013,0.5552713823318481
TR00000105,N0034,0.5453998875617981
TR00000105,N0051,0.4746759128570557
TR00000105,N0072,0.4683115482330322
TR00000105,N0076,0.45627982139587403
TR00000105,N0063,0.4528694714818682
TR00000105,N0056,0.414673912525177
TR00000105,N0041,0.4110903024673462
TR00000105,N0020,0.4073631763458252
TR00000106,N0076,0.562498048373631
TR00000106,N0051,0.5400342328207833
TR00000106,N0065,0.48944317953927174
TR00000106,N0054,0.45256360292434694
TR00000106,N0023,0.40245230197906495
TR00000106,N0032,0.40245230197906495
TR00000106,N0066,0.40245230197906495
TR00000106,N0007,0.3979174017906189
TR00000106,N0057,0.3979174017906189
TR00000106,N0026,0.39639419317245483
TR00000107,N0076,0.7766441008022854
TR00000107,N0051,0.7563837378365653
TR00000107,N0065,0.5954882621765136
TR00000107,N0041,0.48861299582890105
TR00000107,N0024,0.48387013503483367
TR00000107,N0054,0.45255001306533815
TR00000107,N0072,0.44959981441497804
TR00000107,N0080,0.439553816318512
TR00000107,N0023,0.39723984003067014
TR00000107,N0032,0.39723984003067014
TR00000108,N0002,0.42979443413870677
TR00000108,N0075,0.42979443413870677
TR00000108,N0054,0.4239330768585205
TR00000108,N0023,0.3985494375228882
TR00000108,N0032,0.3985494375228882
TR00000108,N0066,0.3985494375228882
TR00000108,N0044,0.3810271739959717
TR00000108,N0058,0.3810271739959717
TR00000108,N0074,0.3810271739959717
TR00000108,N0037,0.378525846345084
TR00000109,N0041,0.6602212020329067
TR00000109,N0024,0.6498449870518276
TR00000109,N0051,0.5969565306391035
TR00000109,N0076,0.5370667082922799
TR00000109,N0080,0.43848931789398193
TR00000109,N0054,0.41812663078308104
TR00000109,N0023,0.4107607126235962
TR00000109,N0032,0.4107607126235962
TR00000109,N0066,0.4107607126235962
TR00000109,N0061,0.3934669017791748
TR00000110,N0032,0.5501705016408648
TR00000110,N0054,0.5498860478401184
TR00000110,N0063,0.4706775937761579
TR00000110,N0044,0.4082479476928711
TR00000110,N0058,0.4082479476928711
TR00000110,N0074,0.4082479476928711
TR00000110,N0023,0.40731335878372193
TR00000110,N0066,0.40731335878372193
TR00000110,N0007,0.39988964796066284
TR00000110,N0057,0.39988964796066284
TR00000111,N0051,0.9849555683135987
TR00000111,N0076,0.9333984395435879
TR00000111,N0041,0.5559907163892474
TR00000111,N0024,0.5476606334958758
TR00000111,N0080,0.5404812526702881
TR00000111,N0065,0.5260411637169974
TR00000111,N0072,0.46252841949462886
TR00000111,N0054,0.3996500730514526
TR00000111,N0023,0.39272868633270264
TR00000111,N0032,0.39272868633270264
TR00000112,N0056,0.5040269017219543
TR00000112,N0020,0.4932366609573364
TR00000112,N0051,0.48542448997497556
TR00000112,N0072,0.4610142946243286
TR00000112,N0076,0.4600551199913025
TR00000112,N0080,0.42948737859725955
TR00000112,N0034,0.4227393865585327
TR00000112,N0013,0.4138816952705383
TR00000112,N0041,0.4025151014328003
TR00000112,N0024,0.40209778547286984
TR00000113,N0038,0.9776943635940551
TR00000113,N0014,0.9588287135532925
TR00000113,N0081,0.9033106773240226
TR00000113,N0036,0.5414269804954529
TR00000113,N0065,0.5140834110123771
TR00000113,N0020,0.4704216432571411
TR00000113,N0013,0.4696464935938517
TR00000113,N0034,0.4680416742960612
TR00000113,N0073,0.4262104511260986
TR00000113,N0056,0.41980082988739015
TR00000114,N0076,0.6770585741315569
TR00000114,N0051,0.6641353402818951
TR00000114,N0080,0.5570241880416871
TR00000114,N0065,0.5272543089730399
TR00000114,N0041,0.5130083322525024
TR00000114,N0024,0.49869459867477417
TR00000114,N0072,0.4797450017929077
TR00000114,N0038,0.40021230697631843
TR00000114,N0023,0.3977194905281067
TR00000114,N0032,0.3977194905281067
TR00000115,N0034,0.49101733366648354
TR00000115,N0020,0.4842920343081156
TR00000115,N0013,0.48348490397135413
TR00000115,N0072,0.4781808614730835
TR00000115,N0080,0.4763983647028605
TR00000115,N0051,0.4757568597793579
TR00000115,N0041,0.4735273996988932
TR00000115,N0024,0.46513981024424234
TR00000115,N0076,0.45679664611816406
TR00000115,N0002,0.4457719956125532
TR00000116,N0054,0.45466142892837524
TR00000116,N0032,0.44919769082750594
TR00000116,N0023,0.4134834051132202
TR00000116,N0066,0.4134834051132202
TR00000116,N0007,0.4068779468536377
TR00000116,N0057,0.4068779468536377
TR00000116,N0044,0.40353477001190186
TR00000116,N0058,0.40353477001190186
TR00000116,N0074,0.40353477001190186
TR00000116,N0061,0.40111001729965207
TR00000117,N0076,0.6429281490189689
TR00000117,N0051,0.6305852379117693
TR00000117,N0065,0.5688148089817593
TR00000117,N0054,0.44889031648635863
TR00000117,N0023,0.40588352680206297
TR00000117,N0032,0.40588352680206297
TR00000117,N0066,0.40588352680206297
TR00000117,N0007,0.4036959171295166
TR00000117,N0057,0.4036959171295166
TR00000117,N0014,0.40323799848556524
TR00000118,N0054,0.5687328139940898
TR00000118,N0032,0.5405747379575456
TR00000118,N0063,0.4534852061952863
TR00000118,N0023,0.39771759510040283
TR00000118,N0066,0.39771759510040283
TR00000118,N0007,0.3972980260848999
TR00000118,N0057,0.3972980260848999
TR00000118,N0044,0.3963123321533203
TR00000118,N0058,0.3963123321533203
TR00000118,N0074,0.3963123321533203
TR00000119,N0072,0.975210930960519
TR00000119,N0041,0.6884231294904436
TR00000119,N0024,0.6712555612836565
TR00000119,N0051,0.5243701032229832
TR00000119,N0013,0.47971951166788734
TR00000119,N0034,0.47801502148310343
TR00000119,N0076,0.4679085731506347
TR00000119,N0032,0.46659363337925497
TR00000119,N0056,0.44912574291229246
TR00000119,N0020,0.4474360227584839
TR00000120,N0072,0.6687491314751761
TR00000120,N0041,0.605048634324755
TR00000120,N0024,0.5969450729233878
TR00000120,N0080,0.4595922422409058
TR00000120,N0036,0.44903626441955563
TR00000120,N0034,0.4479395627975464
TR00000120,N0014,0.4467376112937927
TR00000120,N0013,0.4442920446395874
TR00000120,N0032,0.44245687041963855
TR00000120,N0056,0.43539211750030515
TR00000121,N0041,0.9944760155677795
TR00000121,N0024,0.979278154373169
TR00000121,N0072,0.6669567380632673
TR00000121,N0051,0.6174326862607683
TR00000121,N0076,0.5597224627222334
TR00000121,N0080,0.5450072288513184
TR00000121,N0013,0.4576244473457336
TR00000121,N0034,0.44655232429504393
TR00000121,N0081,0.4027670199530466
TR00000121,N0044,0.4022116899490356
TR00000122,N0051,0.6568441922324044
TR00000122,N0072,0.6475648300988334
TR00000122,N0076,0.6079887274333409
TR00000122,N0041,0.6035342948777335
TR00000122,N0024,0.5950162427765983
TR00000122,N0080,0.4514868569374085
TR00000122,N0032,0.4392792752810887
TR00000122,N0023,0.403564989566803
TR00000122,N0066,0.403564989566803
TR00000122,N0054,0.3958282113075256
TR00000123,N0036,0.5501184463500977
TR00000123,N0014,0.5448869228363037
TR00000123,N0038,0.5272146701812744
TR00000123,N0081,0.5169664144515991
TR00000123,N0013,0.4515209913253784
TR00000123,N0034,0.4485597968101501
TR00000123,N0073,0.4382359743118286
TR00000123,N0056,0.4370983600616455
TR00000123,N0020,0.43380764722824094
TR00000123,N0070,0.40664713382720946
TR00000124,N0038,0.6135788815362113
TR00000124,N0014,0.595014819077083
TR00000124,N0081,0.5337130103792462
TR00000124,N0072,0.48103880882263184
TR00000124,N0056,0.4654939603805542
TR00000124,N0065,0.4505141053880964
TR00000124,N0013,0.44518725872039794
TR00000124,N0034,0.44360893964767456
TR00000124,N0036,0.4421763181686401
TR00000124,N0041,0.4341315865516662
TR00000125,N0023,0.40789361000061036
TR00000125,N0032,0.40789361000061036
TR00000125,N0066,0.40789361000061036
TR00000125,N0054,0.4077880024909973
TR00000125,N0026,0.3914068579673767
TR00000125,N0062,0.3914068579673767
TR00000125,N0007,0.3879659056663513
TR00000125,N0057,0.3879659056663513
TR00000125,N0006,0.37083420753479
TR00000125,N0015,0.37083420753479
TR00000126,N0072,0.5760918855667114
TR00000126,N0041,0.5393634676933289
TR00000126,N0024,0.5256444692611695
TR00000126,N0051,0.49710036913553873
TR00000126,N0076,0.4782924691836039
TR00000126,N0080,0.46221648852030434
TR00000126,N0056,0.45554608503977456
TR00000126,N0013,0.45481592416763306
TR00000126,N0034,0.448220157623291
TR00000126,N0020,0.4376152753829956
TR00000127,N0054,0.5454229593276978
TR00000127,N0023,0.39479838609695433
TR00000127,N0032,0.39479838609695433
TR00000127,N0066,0.39479838609695433
TR00000127,N0044,0.3809693098068237
TR00000127,N0058,0.3809693098068237
TR00000127,N0074,0.3809693098068237
TR00000127,N0007,0.3785998821258545
TR00000127,N0057,0.3785998821258545
TR00000127,N0026,0.3696727752685547
TR00000128,N0044,0.4118708542415074
TR00000128,N0054,0.4110794305801391
TR00000128,N0023,0.4025955319404602
TR00000128,N0032,0.4025955319404602
TR00000128,N0066,0.4025955319404602
TR00000128,N0026,0.3804937362670898
TR00000128,N0062,0.3804937362670898
TR00000128,N0007,0.3800331115722656
TR00000128,N0057,0.3800331115722656
TR00000128,N0058,0.3761565685272217
TR00000129,N0037,0.4672750507082258
TR00000129,N0051,0.4613280057907104
TR00000129,N0080,0.4499309253692627
TR00000129,N0041,0.44668720483779906
TR00000129,N0076,0.43902153968811036
TR00000129,N0024,0.4323003363609314
TR00000129,N0023,0.4066197037696838
TR00000129,N0032,0.4066197037696838
TR00000129,N0066,0.4066197037696838
TR00000129,N0054,0.40196800231933594
TR00000130,N0002,0.49842807906014575
TR00000130,N0075,0.49842807906014575
TR00000130,N0051,0.4773005247116089
TR00000130,N0076,0.4554439544677734
TR00000130,N0037,0.4529078585760934
TR00000130,N0054,0.4179109811782837
TR00000130,N0023,0.40969784259796144
TR00000130,N0032,0.40969784259796144
TR00000130,N0066,0.40969784259796144
TR00000130,N0007,0.4076791763305664
TR00000131,N0037,0.6376893162727355
TR00000131,N0002,0.5444279568535941
TR00000131,N0075,0.5444279568535941
TR00000131,N0054,0.42390736341476437
TR00000131,N0023,0.4117503046989441
TR00000131,N0032,0.4117503046989441
TR00000131,N0066,0.4117503046989441
TR00000131,N0044,0.3994173288345337
TR00000131,N0058,0.3994173288345337
TR00000131,N0074,0.3994173288345337
TR00000132,N0036,0.5736422061920166
TR00000132,N0014,0.4834268522262573
TR00000132,N0038,0.4777801942825317
TR00000132,N0070,0.4760594320297241
TR00000132,N0073,0.4739684534072876
TR00000132,N0056,0.47105113983154295
TR00000132,N0020,0.4707892847061157
TR00000132,N0034,0.4697859406471252
TR00000132,N0081,0.4678313446044922
TR00000132,N0013,0.45608203411102294
TR00000133,N0023,0.39738285541534424
TR00000133,N0032,0.39738285541534424
TR00000133,N0066,0.39738285541534424
TR00000133,N0054,0.3902783989906311
TR00000133,N0026,0.3727621793746948
TR00000133,N0062,0.3727621793746948
TR00000133,N0007,0.3719793677330017
TR00000133,N0057,0.3719793677330017
TR00000133,N0044,0.36528668403625486
TR00000133,N0058,0.36528668403625486
TR00000134,N0060,0.5795381498336792
TR00000134,N0002,0.5716811895370484
TR00000134,N0075,0.5716811895370484
TR00000134,N0003,0.563951940536499
TR00000134,N0037,0.5366245882851737
TR00000134,N0079,0.4873709511756897
TR00000134,N0045,0.4627215027809143
TR00000134,N0043,0.44799152612686155
TR00000134,N0040,0.4384252309799194
TR00000134,N0073,0.437349808216095
TR00000135,N0054,0.41284157037734986
TR00000135,N0023,0.40644457340240475
TR00000135,N0032,0.40644457340240475
TR00000135,N0066,0.40644457340240475
TR00000135,N0007,0.3913074731826782
TR00000135,N0057,0.3913074731826782
TR00000135,N0026,0.3818561553955078
TR00000135,N0062,0.3818561553955078
TR00000135,N0061,0.3747506618499756
TR00000135,N0006,0.37439560890197754
TR00000136,N0054,0.45489737510681155
TR00000136,N0007,0.4075270056724548
TR00000136,N0057,0.4075270056724548
TR00000136,N0023,0.4064578056335449
TR00000136,N0032,0.4064578056335449
TR00000136,N0066,0.4064578056335449
TR00000136,N0026,0.4012824296951294
TR00000136,N0062,0.4012824296951294
TR00000136,N0044,0.39810866117477417
TR00000136,N0058,0.39810866117477417
TR00000137,N0002,0.554632718222482
TR00000137,N0075,0.554632718222482
TR00000137,N0037,0.5126691784177507
TR00000137,N0023,0.4090718150138855
TR00000137,N0032,0.4090718150138855
TR00000137,N0066,0.4090718150138855
TR00000137,N0006,0.3892946720123291
TR00000137,N0015,0.3892946720123291
TR00000137,N0022,0.3892946720123291
TR00000137,N0046,0.3892946720123291
TR00000138,N0072,0.5627788305282593
TR00000138,N0051,0.4815683126449585
TR00000138,N0002,0.46941312210900443
TR00000138,N0075,0.46941312210900443
TR00000138,N0013,0.46046040058135984
TR00000138,N0076,0.4577571630477905
TR00000138,N0034,0.45325834751129146
TR00000138,N0041,0.45077555179595946
TR00000138,N0020,0.441261076927185
TR00000138,N0024,0.44080810546875
TR00000139,N0072,0.47838714122772213
TR00000139,N0076,0.460761022567749
TR00000139,N0051,0.4600225210189819
TR00000139,N0034,0.45503726005554196
TR00000139,N0024,0.44379372596740724
TR00000139,N0013,0.4428837776184082
TR00000139,N0041,0.44218697547912594
TR00000139,N0020,0.4421146988868713
TR00000139,N0056,0.4270552039146423
TR00000139,N0080,0.4247066259384155
TR00000140,N0020,0.5597340146700541
TR00000140,N0056,0.5319189429283142
TR00000140,N0072,0.4788770198822021
TR00000140,N0038,0.47189969221750894
TR00000140,N0014,0.47135788599650064
TR00000140,N0041,0.46074614524841306
TR00000140,N0081,0.4604645053545634
TR00000140,N0037,0.45844204255512777
TR00000140,N0034,0.4532326340675354
TR00000140,N0013,0.4521533131599426
TR00000141,N0070,0.5265344977378845
TR00000141,N0073,0.526438295841217
TR00000141,N0036,0.49245663404464723
TR00000141,N0079,0.45903042554855344
TR00000141,N0056,0.45153164863586426
TR00000141,N0014,0.44635266065597534
TR00000141,N0020,0.440067458152771
TR00000141,N0038,0.43882577419281005
TR00000141,N0044,0.4349128178187779
TR00000141,N0081,0.42705477476119996
TR00000142,N0054,0.42426195144653317
TR00000142,N0023,0.4040564775466919
TR00000142,N0032,0.4040564775466919
TR00000142,N0066,0.4040564775466919
TR00000142,N0044,0.39799561500549313
TR00000142,N0058,0.39799561500549313
TR00000142,N0074,0.39799561500549313
TR00000142,N0007,0.3878536820411682
TR00000142,N0057,0.3878536820411682
TR00000142,N0006,0.37632683515548704
TR00000143,N0037,0.5331229107720511
TR00000143,N0013,0.5304609298706054
TR00000143,N0034,0.5251513004302979
TR00000143,N0020,0.5137117862701416
TR00000143,N0056,0.509844183921814
TR00000143,N0051,0.4815556446711222
TR00000143,N0002,0.45955628894624256
TR00000143,N0075,0.45955628894624256
TR00000143,N0076,0.45698324839274085
TR00000143,N0072,0.450104284286499
TR00000144,N0037,0.5743745633534023
TR00000144,N0002,0.4819382156644548
TR00000144,N0075,0.4819382156644548
TR00000144,N0010,0.4658248019218445
TR00000144,N0052,0.4656403732299805
TR00000144,N0021,0.4547839522361755
TR00000144,N0067,0.4358848214149475
TR00000144,N0023,0.3982079029083252
TR00000144,N0032,0.3982079029083252
TR00000144,N0066,0.3982079029083252
TR00000145,N0002,0.5467969128063748
TR00000145,N0075,0.5467969128063748
TR00000145,N0037,0.49681628601891653
TR00000145,N0051,0.4789290904998779
TR00000145,N0054,0.4589880386988322
TR00000145,N0076,0.45690207481384276
TR00000145,N0080,0.43934762477874756
TR00000145,N0023,0.40597579479217527
TR00000145,N0032,0.40597579479217527
TR00000145,N0066,0.40597579479217527
TR00000146,N0021,0.466151762008667
TR00000146,N0067,0.45310174226760863
TR00000146,N0010,0.4507852077484131
TR00000146,N0052,0.4496779561042786
TR00000146,N0023,0.4035987854003906
TR00000146,N0032,0.4035987854003906
TR00000146,N0066,0.4035987854003906
TR00000146,N0026,0.3937665939331055
TR00000146,N0062,0.3937665939331055
TR00000146,N0007,0.3936145305633545
TR00000147,N0072,0.5673082590103149
TR00000147,N0041,0.5517849922180176
TR00000147,N0024,0.542054045200348
TR00000147,N0051,0.5001875114440918
TR00000147,N0076,0.4776014518737793
TR00000147,N0044,0.4615654570715768
TR00000147,N0080,0.4583995532989502
TR00000147,N0013,0.4539324402809143
TR00000147,N0034,0.4508946418762207
TR00000147,N0023,0.4110942006111145
TR00000148,N0061,0.5697745391300746
TR00000148,N0020,0.5635530424118043
TR00000148,N0056,0.5323323249816895
TR00000148,N0077,0.48675331047603065
TR00000148,N0051,0.472194242477417
TR00000148,N0072,0.4594053983688354
TR00000148,N0013,0.45711050033569334
TR00000148,N0034,0.45377590656280514
TR00000148,N0076,0.453411340713501
TR00000148,N0019,0.4473902974809919
TR00000149,N0047,0.4936451639447893
TR00000149,N0019,0.49176844017846244
TR00000149,N0054,0.44742915630340574
TR00000149,N0007,0.41576439142227173
TR00000149,N0057,0.41576439142227173
TR00000149,N0026,0.41140615940093994
TR00000149,N0062,0.41140615940093994
TR00000149,N0023,0.41016039848327634
TR00000149,N0032,0.41016039848327634
TR00000149,N0066,0.41016039848327634
TR00000150,N0013,0.5914323520660401
TR00000150,N0034,0.5874961566925049
TR00000150,N0047,0.5621333905628749
TR00000150,N0020,0.48563334465026853
TR00000150,N0051,0.48263887166976926
TR00000150,N0080,0.4765895795822144
TR00000150,N0072,0.47357726097106934
TR00000150,N0076,0.4557472229003906
TR00000150,N0041,0.4530057907104492
TR00000150,N0056,0.4358189821243286
TR00000151,N0061,0.5476207869393485
TR00000151,N0077,0.5397234984806606
TR00000151,N0019,0.48619945900780814
TR00000151,N0054,0.42436398267745973
TR00000151,N0023,0.40739400386810304
TR00000151,N0032,0.40739400386810304
TR00000151,N0066,0.40739400386810304
TR00000151,N0044,0.4062974452972412
TR00000151,N0058,0.4062974452972412
TR00000151,N0074,0.4062974452972412
TR00000152,N0044,0.5616159456116813
TR00000152,N0056,0.5533916544914246
TR00000152,N0034,0.5451128363609314
TR00000152,N0013,0.5369811296463013
TR00000152,N0020,0.5306903481483459
TR00000152,N0005,0.4860284345490592
TR00000152,N0072,0.46444612741470337
TR00000152,N0041,0.46058480262756346
TR00000152,N0051,0.45806171894073483
TR00000152,N0024,0.45085854053497315
TR00000153,N0079,0.5689541339874268
TR00000153,N0047,0.5603106686047146
TR00000153,N0014,0.4817973566055298
TR00000153,N0038,0.4619084548950195
TR00000153,N0081,0.45510115146636965
TR00000153,N0073,0.4502142548561096
TR00000153,N0036,0.4494909882545471
TR00000153,N0070,0.4190025687217712
TR00000153,N0023,0.40472888946533203
TR00000153,N0032,0.40472888946533203
TR00000154,N0051,0.6086624336242675
TR00000154,N0076,0.5853154134750366
TR00000154,N0047,0.542573835168566
TR00000154,N0072,0.4665796279907226
TR00000154,N0019,0.46476232154028757
TR00000154,N0080,0.4645304036140442
TR00000154,N0041,0.45836845636367796
TR00000154,N0024,0.4464176774024963
TR00000154,N0054,0.42635847330093385
TR00000154,N0023,0.41560878753662106
TR00000155,N0047,0.5702474563462394
TR00000155,N0021,0.511115403175354
TR00000155,N0067,0.49570675611495973
TR00000155,N0052,0.45654931068420407
TR00000155,N0010,0.43772871494293214
TR00000155,N0023,0.40652114152908325
TR00000155,N0032,0.40652114152908325
TR00000155,N0066,0.40652114152908325
TR00000155,N0044,0.39307326078414917
TR00000155,N0058,0.39307326078414917
TR00000156,N0044,0.5892667600086757
TR00000156,N0013,0.5420984983444214
TR00000156,N0034,0.5332602620124817
TR00000156,N0056,0.517409086227417
TR00000156,N0020,0.5165281057357788
TR00000156,N0005,0.5108815618923732
TR00000156,N0072,0.4531494855880737
TR00000156,N0051,0.4498490452766418
TR00000156,N0076,0.43422206640243527
TR00000156,N0041,0.421186637878418
TR00000157,N0044,0.6256508827209473
TR00000157,N0005,0.5543432831764221
TR00000157,N0054,0.41377773284912106
TR00000157,N0023,0.4082353234291077
TR00000157,N0032,0.4082353234291077
TR00000157,N0066,0.4082353234291077
TR00000157,N0026,0.39095445871353146
TR00000157,N0062,0.39095445871353146
TR00000157,N0007,0.385834264755249
TR00000157,N0057,0.385834264755249
TR00000158,N0014,0.5576614618301391
TR00000158,N0036,0.5502677917480469
TR00000158,N0081,0.5410404205322266
TR00000158,N0038,0.5376373410224915
TR00000158,N0047,0.5018131698880877
TR00000158,N0019,0.4797875847135271
TR00000158,N0013,0.45651991367340083
TR00000158,N0034,0.4506319999694824
TR00000158,N0056,0.4380339503288269
TR00000158,N0020,0.4374764800071716
TR00000159,N0020,0.579111499786377
TR00000159,N0056,0.5262271881103515
TR00000159,N0061,0.49798870427267894
TR00000159,N0038,0.4878771734237671
TR00000159,N0072,0.48481135368347167
TR00000159,N0014,0.4824722361564636
TR00000159,N0081,0.4796974730491638
TR00000159,N0034,0.4669247388839721
TR00000159,N0041,0.45488008260726925
TR00000159,N0080,0.4533556222915649
TR00000160,N0072,0.559697151184082
TR00000160,N0041,0.550046706199646
TR00000160,N0047,0.5476076977593558
TR00000160,N0024,0.5371387004852295
TR00000160,N0080,0.5256597757339477
TR00000160,N0051,0.4778072118759155
TR00000160,N0013,0.44709799289703367
TR00000160,N0034,0.442676317691803
TR00000160,N0076,0.440227746963501
TR00000160,N0023,0.4157602787017822
TR00000161,N0047,0.5651767321995327
TR00000161,N0079,0.5550216674804688
TR00000161,N0036,0.47795800685882567
TR00000161,N0014,0.4516584277153015
TR00000161,N0038,0.434204363822937
TR00000161,N0073,0.4319389700889587
TR00000161,N0081,0.42706875801086425
TR00000161,N0070,0.4042973756790161
TR00000161,N0023,0.40258719921112057
TR00000161,N0032,0.40258719921112057
TR00000162,N0077,0.5611194729804992
TR00000162,N0019,0.5245903747422355
TR00000162,N0061,0.506776293686458
TR00000162,N0052,0.45461456298828123
TR00000162,N0021,0.44124598503112794
TR00000162,N0010,0.44084896564483644
TR00000162,N0067,0.4306251883506775
TR00000162,N0023,0.3915953993797302
TR00000162,N0032,0.3915953993797302
TR00000162,N0066,0.3915953993797302
TR00000163,N0047,0.6007568705649603
TR00000163,N0034,0.5353197693824768
TR00000163,N0013,0.5320493340492248
TR00000163,N0072,0.4915581385294596
TR00000163,N0041,0.45193114678064983
TR00000163,N0051,0.4502859592437744
TR00000163,N0024,0.4403939644495646
TR00000163,N0056,0.43627494970957437
TR00000163,N0076,0.4340747594833374
TR00000163,N0080,0.43044884204864503
TR00000164,N0061,0.5920440980366298
TR00000164,N0076,0.5537094593048095
TR00000164,N0051,0.5519517183303833
TR00000164,N0077,0.47936221531459267
TR00000164,N0072,0.4686047315597534
TR00000164,N0019,0.4562651549066816
TR00000164,N0024,0.4410475730895996
TR00000164,N0041,0.4352633714675903
TR00000164,N0080,0.41713103055953976
TR00000164,N0023,0.4090294003486633
TR00000165,N0061,0.5776992576462882
TR00000165,N0072,0.5637983560562133
TR00000165,N0077,0.5387544700077602
TR00000165,N0019,0.4951613630567278
TR00000165,N0034,0.4875837397575378
TR00000165,N0013,0.4819091510772705
TR00000165,N0020,0.47630050897598264
TR00000165,N0080,0.475692720413208
TR00000165,N0051,0.46837077140808103
TR00000165,N0041,0.45390250682830807
TR00000166,N0021,0.5886191844940185
TR00000166,N0067,0.5757868528366089
TR00000166,N0052,0.562733793258667
TR00000166,N0010,0.5534354686737061
TR00000166,N0061,0.5525701778275626
TR00000166,N0023,0.40326154232025146
TR00000166,N0032,0.40326154232025146
TR00000166,N0066,0.40326154232025146
TR00000166,N0007,0.3814570426940918
TR00000166,N0057,0.3814570426940918
TR00000167,N0047,0.508143218926021
TR00000167,N0019,0.4827467407499041
TR00000167,N0051,0.4684411883354187
TR00000167,N0076,0.45226385593414303
TR00000167,N0080,0.4414273023605347
TR00000167,N0054,0.4356135439872742
TR00000167,N0023,0.40457085371017454
TR00000167,N0032,0.40457085371017454
TR00000167,N0066,0.40457085371017454
TR00000167,N0077,0.38996295758656097
TR00000168,N0044,0.5705501335007803
TR00000168,N0005,0.4824075239045279
TR00000168,N0054,0.4580354611078898
TR00000168,N0023,0.40104997158050537
TR00000168,N0032,0.40104997158050537
TR00000168,N0066,0.40104997158050537
TR00000168,N0058,0.3919787049293518
TR00000168,N0074,0.3919787049293518
TR00000168,N0007,0.38933730125427246
TR00000168,N0057,0.38933730125427246
TR00000169,N0019,0.5452217408588955
TR00000169,N0041,0.5402664422988892
TR00000169,N0080,0.536209511756897
TR00000169,N0024,0.5256626725196838
TR00000169,N0077,0.5174515077045986
TR00000169,N0061,0.4749673400606428
TR00000169,N0072,0.47490166425704955
TR00000169,N0051,0.4665796279907226
TR00000169,N0013,0.45759787559509274
TR00000169,N0076,0.45012645721435546
TR00000170,N0019,0.5532986589840481
TR00000170,N0054,0.5471206903457642
TR00000170,N0077,0.4679961289678301
TR00000170,N0047,0.42516015597752166
TR00000170,N0061,0.4207686356135777
TR00000170,N0023,0.4173354148864746
TR00000170,N0032,0.4173354148864746
TR00000170,N0066,0.4173354148864746
TR00000170,N0026,0.4033989429473877
TR00000170,N0062,0.4033989429473877
TR00000171,N0072,0.5642454624176025
TR00000171,N0074,0.552509846006121
TR00000171,N0013,0.4783755373954773
TR00000171,N0034,0.4767619562149048
TR00000171,N0020,0.47083059072494504
TR00000171,N0080,0.46330713748931884
TR00000171,N0051,0.460230016708374
TR00000171,N0076,0.4396189570426941
TR00000171,N0041,0.4311205387115478
TR00000171,N0056,0.4237057685852051
TR00000172,N0070,0.9987045001983643
TR00000172,N0073,0.9925564479827881
TR00000172,N0074,0.4751355034964425
TR00000172,N0036,0.4739052772521972
TR00000172,N0014,0.4687228202819824
TR00000172,N0038,0.45786180496215817
TR00000172,N0079,0.45397835969924927
TR00000172,N0081,0.44688613414764405
TR00000172,N0061,0.4099807977676391
TR00000172,N0007,0.4097290992736816
TR00000173,N0051,0.5756262540817261
TR00000173,N0076,0.558391809463501
TR00000173,N0080,0.5379857063293457
TR00000173,N0074,0.5191471065793718
TR00000173,N0072,0.5020343017578125
TR00000173,N0041,0.4370092749595642
TR00000173,N0024,0.4184722423553467
TR00000173,N0023,0.4036722421646118
TR00000173,N0032,0.4036722421646118
TR00000173,N0066,0.4036722421646118
TR00000174,N0049,0.5952867814472744
TR00000174,N0054,0.558370053768158
TR00000174,N0023,0.4082738757133484
TR00000174,N0032,0.4082738757133484
TR00000174,N0066,0.4082738757133484
TR00000174,N0007,0.40273629426956176
TR00000174,N0057,0.40273629426956176
TR00000174,N0061,0.3977206349372864
TR00000174,N0026,0.3956122040748596
TR00000174,N0062,0.3956122040748596
TR00000175,N0021,0.5048175048828125
TR00000175,N0067,0.4802039098739624
TR00000175,N0052,0.47992889404296873
TR00000175,N0010,0.4787701082229614
TR00000175,N0023,0.41006730794906615
TR00000175,N0032,0.41006730794906615
TR00000175,N0066,0.41006730794906615
TR00000175,N0007,0.40189983844757077
TR00000175,N0057,0.40189983844757077
TR00000175,N0026,0.4004501223564148
TR00000176,N0074,0.615644383430481
TR00000176,N0064,0.44984087092535835
TR00000176,N0021,0.4407766342163086
TR00000176,N0052,0.4279464840888977
TR00000176,N0067,0.4228845119476318
TR00000176,N0010,0.42238626480102537
TR00000176,N0023,0.4017948746681213
TR00000176,N0032,0.4017948746681213
TR00000176,N0066,0.4017948746681213
TR00000176,N0007,0.3849028944969177
TR00000177,N0072,0.5668676257133484
TR00000177,N0074,0.5203445877347673
TR00000177,N0051,0.4604756355285644
TR00000177,N0056,0.44433130423227946
TR00000177,N0013,0.44276880025863646
TR00000177,N0041,0.44217939376831056
TR00000177,N0034,0.4415091276168823
TR00000177,N0076,0.4325668215751648
TR00000177,N0080,0.4272586226463318
TR00000177,N0020,0.42357459068298337
TR00000178,N0070,0.5484054803848266
TR00000178,N0073,0.5454487562179565
TR00000178,N0014,0.5011486005783081
TR00000178,N0038,0.4947665166854858
TR00000178,N0081,0.49144014835357663
TR00000178,N0036,0.47320368289947506
TR00000178,N0079,0.4695609211921692
TR00000178,N0044,0.4133639931678772
TR00000178,N0058,0.4133639931678772
TR00000178,N0074,0.4133639931678772
TR00000179,N0060,0.9818085929325648
TR00000179,N0003,0.9176622479302543
TR00000179,N0045,0.5006717125574748
TR00000179,N0073,0.4855334679285685
TR00000179,N0049,0.48537241561072214
TR00000179,N0079,0.4590973377227783
TR00000179,N0001,0.45890843073527016
TR00000179,N0018,0.45879191557566323
TR00000179,N0070,0.4572315136591593
TR00000179,N0043,0.4524825096130371
TR00000180,N0070,0.6610776151929583
TR00000180,N0073,0.6509342517171587
TR00000180,N0036,0.4534517168998718
TR00000180,N0038,0.44211180210113527
TR00000180,N0014,0.43938134908676146
TR00000180,N0079,0.43933854103088377
TR00000180,N0056,0.4323931932449341
TR00000180,N0081,0.4285154342651367
TR00000180,N0020,0.42401704788208006
TR00000180,N0023,0.39869914054870603
TR00000181,N0074,0.6298511862754821
TR00000181,N0079,0.5564982414245605
TR00000181,N0073,0.5035775048392159
TR00000181,N0070,0.47985976764134
TR00000181,N0036,0.4757976484298706
TR00000181,N0014,0.4529803991317749
TR00000181,N0060,0.4486587166786194
TR00000181,N0064,0.44635850531714305
TR00000181,N0038,0.4376929521560669
TR00000181,N0003,0.4342421293258667
TR00000182,N0051,0.45483348369598386
TR00000182,N0076,0.43305301666259766
TR00000182,N0023,0.4115281105041504
TR00000182,N0032,0.4115281105041504
TR00000182,N0066,0.4115281105041504
TR00000182,N0049,0.41151505027498514
TR00000182,N0054,0.3998364686965942
TR00000182,N0007,0.3893973112106323
TR00000182,N0057,0.3893973112106323
TR00000182,N0026,0.37673488855361936
TR00000183,N0072,0.5687770366668701
TR00000183,N0041,0.5413168668746948
TR00000183,N0024,0.5246224403381348
TR00000183,N0074,0.48159239632742745
TR00000183,N0056,0.4808314752578735
TR00000183,N0051,0.4611509084701538
TR00000183,N0013,0.4532235860824585
TR00000183,N0076,0.4444768667221069
TR00000183,N0034,0.44183989763259884
TR00000183,N0020,0.43395209312438965
TR00000184,N0051,0.47151317596435544
TR00000184,N0076,0.4480045080184936
TR00000184,N0054,0.4250550627708435
TR00000184,N0023,0.4042391896247864
TR00000184,N0032,0.4042391896247864
TR00000184,N0066,0.4042391896247864
TR00000184,N0044,0.38969918489456173
TR00000184,N0058,0.38969918489456173
TR00000184,N0074,0.38969918489456173
TR00000184,N0007,0.3844222068786621
TR00000185,N0049,0.5906809636524746
TR00000185,N0056,0.4620580863952637
TR00000185,N0036,0.4606593132019043
TR00000185,N0013,0.4520733833312988
TR00000185,N0014,0.4336541175842285
TR00000185,N0034,0.43315061330795285
TR00000185,N0038,0.4328896164894104
TR00000185,N0070,0.42492467164993286
TR00000185,N0020,0.42315366268157956
TR00000185,N0081,0.41844137907028195
TR00000186,N0046,0.5823179432324002
TR00000186,N0036,0.5417144060134887
TR00000186,N0014,0.5342621207237244
TR00000186,N0038,0.5187294840812683
TR00000186,N0081,0.5118059158325196
TR00000186,N0015,0.47517508608954295
TR00000186,N0034,0.4371511459350586
TR00000186,N0013,0.4355278730392456
TR00000186,N0073,0.42875536680221554
TR00000186,N0056,0.4215369701385498
TR00000187,N0026,0.6283386707305908
TR00000187,N0027,0.506130267892565
TR00000187,N0054,0.4296565532684326
TR00000187,N0023,0.40365285873413087
TR00000187,N0032,0.40365285873413087
TR00000187,N0066,0.40365285873413087
TR00000187,N0007,0.3866476535797119
TR00000187,N0057,0.3866476535797119
TR00000187,N0044,0.3841517686843872
TR00000187,N0058,0.3841517686843872
TR00000188,N0054,0.5236356258392334
TR00000188,N0050,0.4785365309034075
TR00000188,N0064,0.47200227635247366
TR00000188,N0059,0.4582744870867048
TR00000188,N0030,0.43434933253696983
TR00000188,N0023,0.39309360980987545
TR00000188,N0032,0.39309360980987545
TR00000188,N0066,0.39309360980987545
TR00000188,N0044,0.37850185632705685
TR00000188,N0058,0.37850185632705685
TR00000189,N0064,0.5450722524097988
TR00000189,N0074,0.5206609095845903
TR00000189,N0051,0.4711182117462158
TR00000189,N0072,0.46757733821868896
TR00000189,N0041,0.4567646217346191
TR00000189,N0076,0.4510054349899292
TR00000189,N0024,0.44880911827087405
TR00000189,N0080,0.4356756448745727
TR00000189,N0054,0.4148911714553833
TR00000189,N0023,0.4061348676681518
TR00000190,N0059,0.5282621826444354
TR00000190,N0050,0.5223240511757987
TR00000190,N0056,0.5195069670677185
TR00000190,N0020,0.5183714628219604
TR00000190,N0051,0.49370922565460207
TR00000190,N0076,0.47908310413360594
TR00000190,N0072,0.46497083902359004
TR00000190,N0080,0.46063723087310793
TR00000190,N0064,0.455860892363957
TR00000190,N0030,0.4540710721697126
TR00000191,N0046,0.6045688339642117
TR00000191,N0072,0.5877635717391968
TR00000191,N0041,0.5698864340782165
TR00000191,N0015,0.5688545482499259
TR00000191,N0024,0.5677910923957824
TR00000191,N0034,0.4846576452255249
TR00000191,N0076,0.4809597015380859
TR00000191,N0013,0.4774613499641418
TR00000191,N0051,0.4773321390151977
TR00000191,N0080,0.441981303691864
TR00000192,N0046,0.5866277524403163
TR00000192,N0015,0.4794848952974592
TR00000192,N0054,0.4096881151199341
TR00000192,N0023,0.4035149574279785
TR00000192,N0032,0.4035149574279785
TR00000192,N0066,0.4035149574279785
TR00000192,N0007,0.374585223197937
TR00000192,N0057,0.374585223197937
TR00000192,N0006,0.37234203815460204
TR00000192,N0022,0.37234203815460204
TR00000193,N0051,0.5943004560470581
TR00000193,N0076,0.5775873255729675
TR00000193,N0050,0.5720440030097962
TR00000193,N0059,0.5707907387188502
TR00000193,N0030,0.5321439760071891
TR00000193,N0072,0.4607603073120117
TR00000193,N0041,0.4532578659057617
TR00000193,N0080,0.4504486632347107
TR00000193,N0024,0.4468534302711487
TR00000193,N0054,0.4081653356552124
TR00000194,N0026,0.6177349397114344
TR00000194,N0013,0.5713378310203552
TR00000194,N0034,0.5592246532440185
TR00000194,N0051,0.4937324523925781
TR00000194,N0041,0.47567131519317624
TR00000194,N0072,0.46647963523864744
TR00000194,N0076,0.4637768983840942
TR00000194,N0027,0.45855450289590016
TR00000194,N0056,0.4555023193359375
TR00000194,N0024,0.45306601524353024
TR00000195,N0027,0.5840044021606445
TR00000195,N0026,0.5633608477456229
TR00000195,N0013,0.5509880542755127
TR00000195,N0034,0.550839638710022
TR00000195,N0072,0.465961217880249
TR00000195,N0020,0.4598243157068888
TR00000195,N0051,0.4588420271873474
TR00000195,N0076,0.44230649471282957
TR00000195,N0080,0.43932716846466063
TR00000195,N0041,0.4389952540397644
TR00000196,N0072,0.6093976807594299
TR00000196,N0074,0.5921797105244229
TR00000196,N0041,0.5307138442993165
TR00000196,N0024,0.51351398229599
TR00000196,N0064,0.4870010461126055
TR00000196,N0051,0.4773837089538574
TR00000196,N0076,0.46134620904922485
TR00000196,N0013,0.4553549408912658
TR00000196,N0034,0.4460773944854736
TR00000196,N0080,0.4394099235534668
TR00000197,N0064,0.52072616985866
TR00000197,N0072,0.48325803279876706
TR00000197,N0036,0.45349713563919064
TR00000197,N0050,0.4468439493860517
TR00000197,N0034,0.44527273178100585
TR00000197,N0013,0.4424210429191589
TR00000197,N0038,0.4336274743080139
TR00000197,N0041,0.43359410762786865
TR00000197,N0056,0.4290886402130127
TR00000197,N0024,0.4287864089012146
TR00000198,N0030,0.5846463509968349
TR00000198,N0059,0.5405311005456107
TR00000198,N0050,0.48324527399880546
TR00000198,N0054,0.43293807506561277
TR00000198,N0027,0.4146483285086495
TR00000198,N0023,0.4059578418731689
TR00000198,N0032,0.4059578418731689
TR00000198,N0066,0.4059578418731689
TR00000198,N0044,0.400245201587677
TR00000198,N0058,0.400245201587677
TR00000199,N0051,0.6210750977198283
TR00000199,N0076,0.5926072041193644
TR00000199,N0046,0.5681535618645804
TR00000199,N0080,0.4946298313140869
TR00000199,N0072,0.4782504558563232
TR00000199,N0041,0.474007773399353
TR00000199,N0015,0.46101070472172323
TR00000199,N0024,0.45665788650512695
TR00000199,N0026,0.437552183015006
TR00000199,N0054,0.43745598793029783
TR00000200,N0014,0.548058545589447
TR00000200,N0038,0.5281752943992615
TR00000200,N0081,0.5210031747817994
TR00000200,N0013,0.45886008739471434
TR00000200,N0036,0.4535652995109558
TR00000200,N0034,0.446248984336853
TR00000200,N0056,0.4404165744781494
TR00000200,N0073,0.43761967420578
TR00000200,N0020,0.43213913440704343
TR00000200,N0023,0.40713651180267335
TR00000201,N0015,0.5452925222260612
TR00000201,N0021,0.4582573056221008
TR00000201,N0067,0.4428130745887756
TR00000201,N0046,0.43814966508320397
TR00000201,N0052,0.43199021816253663
TR00000201,N0010,0.42661356925964355
TR00000201,N0023,0.40604088306427
TR00000201,N0032,0.40604088306427
TR00000201,N0066,0.40604088306427
TR00000201,N0044,0.3840232014656067
TR00000202,N0043,0.91371121100017
TR00000202,N0028,0.8969845621926444
TR00000202,N0045,0.5571590662002563
TR00000202,N0017,0.5431339931488037
TR00000202,N0001,0.5069393157958985
TR00000202,N0018,0.4979025959968567
TR00000202,N0079,0.44330520629882814
TR00000202,N0060,0.4354304552078247
TR00000202,N0003,0.4215816378593445
TR00000202,N0040,0.42066500186920164
TR00000203,N0056,0.6463818502426147
TR00000203,N0022,0.599612934248788
TR00000203,N0007,0.5991600343159267
TR00000203,N0072,0.4890501022338867
TR00000203,N0036,0.4741712808609009
TR00000203,N0034,0.4619364023208618
TR00000203,N0013,0.45936616659164425
TR00000203,N0041,0.4519791483879089
TR00000203,N0038,0.45074665546417236
TR00000203,N0014,0.44875935316085813
TR00000204,N0014,0.56473788022995
TR00000204,N0007,0.561118449483599
TR00000204,N0081,0.5602566878000895
TR00000204,N0022,0.5496020453316824
TR00000204,N0038,0.5490580081939698
TR00000204,N0036,0.5483301997184753
TR00000204,N0013,0.46575458049774165
TR00000204,N0073,0.462046221892039
TR00000204,N0034,0.4605772018432617
TR00000204,N0020,0.4493453621864319
TR00000205,N0079,0.5413392186164856
TR00000205,N0036,0.4964538049697876
TR00000205,N0016,0.45206750461033407
TR00000205,N0038,0.44652721881866453
TR00000205,N0014,0.435002875328064
TR00000205,N0081,0.4308345079421997
TR00000205,N0070,0.4195027112960815
TR00000205,N0023,0.4115302205085754
TR00000205,N0032,0.4115302205085754
TR00000205,N0066,0.4115302205085754
TR00000206,N0014,0.5791514110565186
TR00000206,N0038,0.5612774920463562
TR00000206,N0081,0.549206371307373
TR00000206,N0036,0.5437610387802124
TR00000206,N0013,0.4815322470664978
TR00000206,N0034,0.47778326988220216
TR00000206,N0020,0.47165714025497435
TR00000206,N0056,0.42747581005096436
TR00000206,N0073,0.42324235439300534
TR00000206,N0023,0.40022653341293335
TR00000207,N0073,0.5437381505966187
TR00000207,N0070,0.5113152861595154
TR00000207,N0079,0.4902335564295451
TR00000207,N0014,0.4599743843078613
TR00000207,N0081,0.459645144144694
TR00000207,N0036,0.4446050047874451
TR00000207,N0016,0.441590438570295
TR00000207,N0038,0.4406618356704712
TR00000207,N0023,0.4064597010612488
TR00000207,N0032,0.4064597010612488
TR00000208,N0051,0.5634249210357666
TR00000208,N0076,0.5446671605110168
TR00000208,N0041,0.5428267002105713
TR00000208,N0080,0.5250746250152588
TR00000208,N0024,0.520928931236267
TR00000208,N0072,0.4591617465019226
TR00000208,N0007,0.4056502103805542
TR00000208,N0057,0.4056502103805542
TR00000208,N0023,0.4045687437057495
TR00000208,N0032,0.4045687437057495
TR00000209,N0007,0.6269832253456116
TR00000209,N0022,0.6249170303344727
TR00000209,N0072,0.5720988988876342
TR00000209,N0041,0.5161341428756714
TR00000209,N0024,0.5058442950248718
TR00000209,N0051,0.48065963506698606
TR00000209,N0076,0.46031132459640506
TR00000209,N0080,0.45320529460906983
TR00000209,N0034,0.43409042358398436
TR00000209,N0013,0.43327506780624386
TR00000210,N0054,0.430243706703186
TR00000210,N0023,0.3983025670051575
TR00000210,N0032,0.3983025670051575
TR00000210,N0066,0.3983025670051575
TR00000210,N0044,0.38738536834716797
TR00000210,N0058,0.38738536834716797
TR00000210,N0074,0.38738536834716797
TR00000210,N0007,0.38179214000701905
TR00000210,N0057,0.38179214000701905
TR00000210,N0026,0.3732165813446045
TR00000211,N0051,0.5644198775291442
TR00000211,N0076,0.5481107234954834
TR00000211,N0007,0.533764966896602
TR00000211,N0022,0.5196070517812457
TR00000211,N0072,0.4631340980529785
TR00000211,N0041,0.4445038318634033
TR00000211,N0024,0.4326168537139892
TR00000211,N0080,0.43183658123016355
TR00000211,N0054,0.4285889267921448
TR00000211,N0015,0.41246419463838846
TR00000212,N0054,0.5484336853027344
TR00000212,N0023,0.3983006000518799
TR00000212,N0032,0.3983006000518799
TR00000212,N0066,0.3983006000518799
TR00000212,N0007,0.3832777261734009
TR00000212,N0057,0.3832777261734009
TR00000212,N0044,0.37922494411468505
TR00000212,N0058,0.37922494411468505
TR00000212,N0074,0.37922494411468505
TR00000212,N0026,0.37193105220794676
TR00000213,N0015,0.5136576618467058
TR00000213,N0051,0.45281617641448973
TR00000213,N0076,0.43662160634994507
TR00000213,N0007,0.4184323957988194
TR00000213,N0023,0.4080713868141174
TR00000213,N0032,0.4080713868141174
TR00000213,N0066,0.4080713868141174
TR00000213,N0022,0.4065148047038487
TR00000213,N0046,0.4065148047038487
TR00000213,N0054,0.3987010359764099
TR00000214,N0022,0.4921907697405134
TR00000214,N0007,0.4743611965860639
TR00000214,N0041,0.47334532260894774
TR00000214,N0051,0.4722128391265869
TR00000214,N0024,0.46727058410644534
TR00000214,N0015,0.45647648402622765
TR00000214,N0072,0.44999141693115235
TR00000214,N0076,0.4480488896369934
TR00000214,N0080,0.4236089587211609
TR00000214,N0054,0.40315661430358884
TR00000215,N0054,0.4107745885848999
TR00000215,N0023,0.40755043029785154
TR00000215,N0032,0.40755043029785154
TR00000215,N0066,0.40755043029785154
TR00000215,N0043,0.3850484013557434
TR00000215,N0006,0.38480951786041256
TR00000215,N0015,0.38480951786041256
TR00000215,N0022,0.38480951786041256
TR00000215,N0046,0.38480951786041256
TR00000215,N0049,0.38480951786041256
TR00000216,N0041,0.5358013431231181
TR00000216,N0024,0.5247162739435831
TR00000216,N0080,0.5223414897918701
TR00000216,N0022,0.482561389037541
TR00000216,N0007,0.480946341582707
TR00000216,N0072,0.48013446728388465
TR00000216,N0051,0.4564587593078613
TR00000216,N0013,0.4527536908785502
TR00000216,N0034,0.4499961296717326
TR00000216,N0076,0.43349329233169553
TR00000217,N0013,0.5378752708435058
TR00000217,N0034,0.5300747990608216
TR00000217,N0020,0.5189757108688354
TR00000217,N0056,0.5162234783172608
TR00000217,N0051,0.4769620132446289
TR00000217,N0076,0.4615189981460571
TR00000217,N0072,0.44763364791870114
TR00000217,N0080,0.4363064479827881
TR00000217,N0041,0.417478609085083
TR00000217,N0024,0.41045068502426146
TR00000218,N0069,0.5164633597646441
TR00000218,N0052,0.4689464012781779
TR00000218,N0021,0.4604462742805481
TR00000218,N0067,0.45353243350982664
TR00000218,N0010,0.44974393049875894
TR00000218,N0023,0.4001733183860779
TR00000218,N0032,0.4001733183860779
TR00000218,N0066,0.4001733183860779
TR00000218,N0030,0.3989700714747111
TR00000218,N0047,0.3989700714747111
TR00000219,N0034,0.5510631203651428
TR00000219,N0013,0.5483656764030457
TR00000219,N0072,0.509718222618103
TR00000219,N0069,0.47780694110052924
TR00000219,N0051,0.4679070711135864
TR00000219,N0020,0.4605988931655884
TR00000219,N0076,0.4515172719955444
TR00000219,N0080,0.4387690544128418
TR00000219,N0041,0.4301392078399658
TR00000219,N0056,0.4239189147949219
TR00000220,N0036,0.913941845212664
TR00000220,N0069,0.6293594121932984
TR00000220,N0014,0.552211606502533
TR00000220,N0038,0.5331262230873108
TR00000220,N0081,0.5255520582199097
TR00000220,N0055,0.4669446672712053
TR00000220,N0013,0.46590441862742105
TR00000220,N0034,0.46276673475901287
TR00000220,N0020,0.4362936973571777
TR00000220,N0073,0.4287748575210571
TR00000221,N0021,0.4999896717071533
TR00000221,N0067,0.4780826759338379
TR00000221,N0052,0.4435530066490173
TR00000221,N0010,0.43283132314682005
TR00000221,N0069,0.41155639205660144
TR00000221,N0023,0.40864934921264645
TR00000221,N0032,0.40864934921264645
TR00000221,N0066,0.40864934921264645
TR00000221,N0007,0.3868172764778137
TR00000221,N0057,0.3868172764778137
TR00000222,N0072,0.5614842891693115
TR00000222,N0042,0.558910698550088
TR00000222,N0041,0.5273127317428589
TR00000222,N0024,0.5166366457939148
TR00000222,N0016,0.5053980674062456
TR00000222,N0013,0.46924318790435793
TR00000222,N0034,0.455360324382782
TR00000222,N0051,0.45192768573760983
TR00000222,N0080,0.4426898550987244
TR00000222,N0076,0.43346157073974606
TR00000223,N0069,0.5788278528622219
TR00000223,N0052,0.4430792212486267
TR00000223,N0010,0.4361946702003479
TR00000223,N0055,0.4309112344469343
TR00000223,N0023,0.400036096572876
TR00000223,N0032,0.400036096572876
TR00000223,N0066,0.400036096572876
TR00000223,N0007,0.3813124895095825
TR00000223,N0057,0.3813124895095825
TR00000223,N0026,0.3791152238845825
TR00000224,N0054,0.5932904314994812
TR00000224,N0016,0.561090726511819
TR00000224,N0042,0.48972552674157277
TR00000224,N0044,0.3992560386657715
TR00000224,N0058,0.3992560386657715
TR00000224,N0074,0.3992560386657715
TR00000224,N0023,0.3974597096443176
TR00000224,N0032,0.3974597096443176
TR00000224,N0066,0.3974597096443176
TR00000224,N0006,0.38654451370239257
TR00000225,N0038,0.5780708026885987
TR00000225,N0014,0.5768411350250244
TR00000225,N0081,0.5596477818489075
TR00000225,N0013,0.48630175113677976
TR00000225,N0034,0.4840239119529724
TR00000225,N0020,0.4764265727996826
TR00000225,N0036,0.4673211336135864
TR00000225,N0056,0.43765411376953123
TR00000225,N0070,0.4231499075889587
TR00000225,N0023,0.414435875415802
TR00000226,N0013,0.5337693452835083
TR00000226,N0034,0.5322119474411011
TR00000226,N0055,0.5255277105740139
TR00000226,N0051,0.4799436283111572
TR00000226,N0069,0.47367748362677436
TR00000226,N0076,0.4624971103668213
TR00000226,N0072,0.45584356784820557
TR00000226,N0080,0.4391392540931702
TR00000226,N0020,0.416723370552063
TR00000226,N0056,0.4154905557632446
TR00000227,N0016,0.6037613817623684
TR00000227,N0070,0.5423120021820068
TR00000227,N0073,0.5363089323043824
TR00000227,N0042,0.506988867691585
TR00000227,N0014,0.5067017030715942
TR00000227,N0038,0.501638479232788
TR00000227,N0020,0.4990599822998047
TR00000227,N0081,0.49539479732513425
TR00000227,N0079,0.48840717792510985
TR00000227,N0036,0.4841563582420349
TR00000228,N0055,0.5360995122364589
TR00000228,N0079,0.5349849224090576
TR00000228,N0036,0.5069526524770828
TR00000228,N0069,0.47930243355887275
TR00000228,N0014,0.468200675646464
TR00000228,N0038,0.45147917668024695
TR00000228,N0081,0.4477280537287394
TR00000228,N0073,0.41883637905120846
TR00000228,N0023,0.4029707551002502
TR00000228,N0032,0.4029707551002502
TR00000229,N0042,0.5252083914620536
TR00000229,N0072,0.5153790426254272
TR00000229,N0051,0.47715890407562256
TR00000229,N0016,0.4720174465860639
TR00000229,N0076,0.4695061683654785
TR00000229,N0080,0.45234510898590086
TR00000229,N0041,0.4393525242805481
TR00000229,N0024,0.4291499376296997
TR00000229,N0054,0.414482045173645
TR00000229,N0023,0.3998848557472229
TR00000230,N0034,0.5331101298332215
TR00000230,N0013,0.5282206773757935
TR00000230,N0072,0.4615284919738769
TR00000230,N0051,0.44205890893936156
TR00000230,N0041,0.42466953992843626
TR00000230,N0076,0.42045332193374635
TR00000230,N0080,0.4185121178627014
TR00000230,N0020,0.41656969785690307
TR00000230,N0024,0.41379783153533933
TR00000230,N0056,0.41339210271835325
TR00000231,N0041,0.485740704536438
TR00000231,N0081,0.4734518241882324
TR00000231,N0024,0.4730320405960083
TR00000231,N0072,0.46871073246002193
TR00000231,N0014,0.46331284046173093
TR00000231,N0013,0.4599043250083923
TR00000231,N0034,0.4561848163604736
TR00000231,N0036,0.45161476135253903
TR00000231,N0020,0.4470037579536438
TR00000231,N0038,0.44681038856506344
TR00000232,N0042,0.527861203466143
TR00000232,N0016,0.45605773074286327
TR00000232,N0054,0.41957530975341795
TR00000232,N0023,0.3986037254333496
TR00000232,N0032,0.3986037254333496
TR00000232,N0066,0.3986037254333496
TR00000232,N0044,0.39629684686660765
TR00000232,N0058,0.39629684686660765
TR00000232,N0074,0.39629684686660765
TR00000232,N0006,0.3891692876815796
TR00000233,N0072,0.47891244411468503
TR00000233,N0080,0.46255447387695314
TR00000233,N0051,0.46040886640548706
TR00000233,N0076,0.442139196395874
TR00000233,N0041,0.42359118461608886
TR00000233,N0024,0.41229972839355467
TR00000233,N0054,0.40026619434356686
TR00000233,N0023,0.3990106344223022
TR00000233,N0032,0.3990106344223022
TR00000233,N0066,0.3990106344223022
TR00000234,N0073,0.5898024988174438
TR00000234,N0070,0.5610917043685913
TR00000234,N0036,0.48638827119554795
TR00000234,N0014,0.46051000356674193
TR00000234,N0079,0.45722672939300535
TR00000234,N0038,0.44090809822082516
TR00000234,N0081,0.43558287620544434
TR00000234,N0023,0.40373160839080807
TR00000234,N0032,0.40373160839080807
TR00000234,N0066,0.40373160839080807
TR00000235,N0016,0.5449224489075797
TR00000235,N0072,0.48579218387603756
TR00000235,N0036,0.4848486542701721
TR00000235,N0034,0.4800270080566406
TR00000235,N0013,0.4736989259719848
TR00000235,N0042,0.4605432782854353
TR00000235,N0038,0.4589327573776245
TR00000235,N0056,0.45862090587615967
TR00000235,N0020,0.457462477684021
TR00000235,N0014,0.4434601306915283
TR00000236,N0051,0.5648890495300293
TR00000236,N0076,0.5407570362091064
TR00000236,N0006,0.4945586596216474
TR00000236,N0072,0.4656924247741699
TR00000236,N0080,0.4347211360931396
TR00000236,N0041,0.425730836391449
TR00000236,N0024,0.4156485557556152
TR00000236,N0023,0.4108107089996338
TR00000236,N0032,0.4108107089996338
TR00000236,N0066,0.4108107089996338
TR00000237,N0072,0.5689245581626892
TR00000237,N0051,0.4690390706062317
TR00000237,N0056,0.4676647973060608
TR00000237,N0013,0.44351055622100827
TR00000237,N0034,0.44054996967315674
TR00000237,N0076,0.43967227935791015
TR00000237,N0020,0.4310195803642273
TR00000237,N0080,0.43087699413299557
TR00000237,N0041,0.42673923969268795
TR00000237,N0024,0.4136596441268921
TR00000238,N0036,0.4829737106959025
TR00000238,N0060,0.4506248116493225
TR00000238,N0079,0.4467864990234375
TR00000238,N0003,0.4456357955932617
TR00000238,N0070,0.4259286403656006
TR00000238,N0073,0.41997127532958983
TR00000238,N0023,0.4050095915794372
TR00000238,N0032,0.4050095915794372
TR00000238,N0066,0.4050095915794372
TR00000238,N0061,0.4031424880027771
TR00000239,N0021,0.4943774175643921
TR00000239,N0067,0.47106769800186155
TR00000239,N0052,0.4423394322395325
TR00000239,N0010,0.4361308693885803
TR00000239,N0023,0.4064186096191406
TR00000239,N0032,0.4064186096191406
TR00000239,N0066,0.4064186096191406
TR00000239,N0007,0.38768566846847535
TR00000239,N0057,0.38768566846847535
TR00000239,N0026,0.38097792863845825
TR00000240,N0072,0.5681571960449219
TR00000240,N0041,0.5543791890144348
TR00000240,N0024,0.5290750145912171
TR00000240,N0051,0.47585881948471065
TR00000240,N0013,0.45239939689636227
TR00000240,N0076,0.4517183303833008
TR00000240,N0034,0.44098037481307983
TR00000240,N0080,0.43773168325424194
TR00000240,N0026,0.4092739105224609
TR00000240,N0062,0.4092739105224609
TR00000241,N0006,0.47669858081000194
TR00000241,N0052,0.46274652004241945
TR00000241,N0010,0.4561629843711853
TR00000241,N0021,0.45569658279418945
TR00000241,N0067,0.439754569530487
TR00000241,N0023,0.40433467626571656
TR00000241,N0032,0.40433467626571656
TR00000241,N0066,0.40433467626571656
TR00000241,N0037,0.3829964160919189
TR00000241,N0007,0.38213818073272704
TR00000242,N0056,0.5264557838439942
TR00000242,N0020,0.5228833317756653
TR00000242,N0051,0.4737326860427856
TR00000242,N0072,0.459534215927124
TR00000242,N0041,0.4498778891563416
TR00000242,N0013,0.4494172096252441
TR00000242,N0034,0.4411008596420288
TR00000242,N0076,0.44102489948272705
TR00000242,N0024,0.4379290771484375
TR00000242,N0080,0.4244456648826599
TR00000243,N0006,0.4645025406564985
TR00000243,N0054,0.3964458346366882
TR00000243,N0023,0.38642091751098634
TR00000243,N0032,0.38642091751098634
TR00000243,N0066,0.38642091751098634
TR00000243,N0026,0.36961416006088255
TR00000243,N0062,0.36961416006088255
TR00000243,N0007,0.36849013566970823
TR00000243,N0057,0.36849013566970823
TR00000243,N0044,0.36797980070114134
TR00000244,N0013,0.5641964673995972
TR00000244,N0056,0.5498781561851501
TR00000244,N0034,0.5489447832107544
TR00000244,N0020,0.5313881158828735
TR00000244,N0051,0.48501820564270015
TR00000244,N0072,0.46735432147979733
TR00000244,N0041,0.462250292301178
TR00000244,N0076,0.4595242738723755
TR00000244,N0080,0.4497137904167175
TR00000244,N0024,0.4349907875061035
TR00000245,N0070,0.5309052109718323
TR00000245,N0073,0.5149482488632202
TR00000245,N0036,0.4692586183547973
TR00000245,N0079,0.4479578375816345
TR00000245,N0038,0.4400677800178528
TR00000245,N0014,0.43845105171203613
TR00000245,N0081,0.4334222316741943
TR00000245,N0023,0.4100342273712158
TR00000245,N0032,0.4100342273712158
TR00000245,N0066,0.4100342273712158
TR00000246,N0034,0.446392822265625
TR00000246,N0036,0.4421379089355469
TR00000246,N0013,0.4340039849281311
TR00000246,N0056,0.42481638193130494
TR00000246,N0038,0.4246188640594482
TR00000246,N0020,0.4159060478210449
TR00000246,N0014,0.4153554797172546
TR00000246,N0081,0.4064831972122192
TR00000246,N0023,0.3900521993637085
TR00000246,N0032,0.3900521993637085
TR00000247,N0013,0.7114224927765982
TR00000247,N0034,0.7111021297318595
TR00000247,N0006,0.543200899873461
TR00000247,N0020,0.5135784268379211
TR00000247,N0056,0.5061540365219116
TR00000247,N0051,0.47057624578475954
TR00000247,N0072,0.45746154785156246
TR00000247,N0076,0.45565611839294434
TR00000247,N0080,0.4516965699195862
TR00000247,N0041,0.4251470804214477
TR00000248,N0034,0.92554461649486
TR00000248,N0013,0.9189981668336051
TR00000248,N0072,0.49450906912485754
TR00000248,N0020,0.4797290603319804
TR00000248,N0080,0.4774719190597534
TR00000248,N0051,0.47677338123321533
TR00000248,N0076,0.44862277507781984
TR00000248,N0041,0.4377894043922424
TR00000248,N0024,0.43307822942733765
TR00000248,N0056,0.4280858516693115
TR00000249,N0006,0.5126126374517168
TR00000249,N0021,0.45733587741851806
TR00000249,N0052,0.456834081808726
TR00000249,N0010,0.4511847774187724
TR00000249,N0067,0.4454512238502502
TR00000249,N0023,0.4050495386123657
TR00000249,N0032,0.4050495386123657
TR00000249,N0066,0.4050495386123657
TR00000249,N0026,0.38795042037963867
TR00000249,N0062,0.38795042037963867
TR00000250,N0006,0.6054303952625819
TR00000250,N0072,0.5589031100273132
TR00000250,N0013,0.5422380430357796
TR00000250,N0034,0.5347747070448738
TR00000250,N0051,0.48874554634094236
TR00000250,N0041,0.4717754602432251
TR00000250,N0076,0.45867644548416137
TR00000250,N0080,0.45159294605255124
TR00000250,N0020,0.4511609315872192
TR00000250,N0056,0.44800872802734376
TR00000251,N0034,0.7083450334412711
TR00000251,N0013,0.7049989598137991
TR00000251,N0006,0.5648327010018485
TR00000251,N0051,0.46325333118438716
TR00000251,N0072,0.4596303820610046
TR00000251,N0076,0.43819756507873536
TR00000251,N0056,0.42447710037231445
TR00000251,N0041,0.4176279902458191
TR00000251,N0080,0.4130229949951172
TR00000251,N0024,0.4090508222579956
TR00000252,N0051,0.5739567756652831
TR00000252,N0076,0.5567975759506225
TR00000252,N0080,0.5419626355171203
TR00000252,N0072,0.46782896518707273
TR00000252,N0041,0.44707939624786375
TR00000252,N0024,0.43500351905822754
TR00000252,N0023,0.4140877604484558
TR00000252,N0032,0.4140877604484558
TR00000252,N0066,0.4140877604484558
TR00000252,N0007,0.39631565809249875
TR00000253,N0006,0.45936751195362635
TR00000253,N0021,0.4469372034072876
TR00000253,N0067,0.4331388115882873
TR00000253,N0023,0.41488391160964966
TR00000253,N0032,0.41488391160964966
TR00000253,N0066,0.41488391160964966
TR00000253,N0007,0.39053252935409544
TR00000253,N0057,0.39053252935409544
TR00000253,N0026,0.3881428599357605
TR00000253,N0062,0.3881428599357605
TR00000254,N0006,0.4717491183962141
TR00000254,N0054,0.40308977365493776
TR00000254,N0023,0.39643117189407345
TR00000254,N0032,0.39643117189407345
TR00000254,N0066,0.39643117189407345
TR00000254,N0030,0.3816991845766703
TR00000254,N0047,0.3816991845766703
TR00000254,N0026,0.3778936743736267
TR00000254,N0062,0.3778936743736267
TR00000254,N0007,0.3733809471130371
TR00000255,N0006,0.5204403604779925
TR00000255,N0072,0.47723679542541503
TR00000255,N0034,0.4513048768043518
TR00000255,N0036,0.4492457628250122
TR00000255,N0013,0.4374106407165527
TR00000255,N0038,0.4367752432823181
TR00000255,N0020,0.43498324155807494
TR00000255,N0056,0.4244608998298645
TR00000255,N0014,0.4190157651901245
TR00000255,N0081,0.4136601805686951
TR00000256,N0054,0.4867159557342529
TR00000256,N0007,0.40696499347686765
TR00000256,N0057,0.40696499347686765
TR00000256,N0023,0.40677806138992306
TR00000256,N0032,0.40677806138992306
TR00000256,N0066,0.40677806138992306
TR00000256,N0044,0.39922202825546266
TR00000256,N0058,0.39922202825546266
TR00000256,N0074,0.39922202825546266
TR00000256,N0061,0.39733428955078126
TR00000257,N0021,0.5858464956283569
TR00000257,N0052,0.582609875202179
TR00000257,N0010,0.5775236916542054
TR00000257,N0067,0.5698735475540161
TR00000257,N0006,0.5165433253560747
TR00000257,N0023,0.4017197012901306
TR00000257,N0032,0.4017197012901306
TR00000257,N0066,0.4017197012901306
TR00000257,N0044,0.3873842597007751
TR00000257,N0058,0.3873842597007751
TR00000258,N0073,0.5238473534584045
TR00000258,N0070,0.5002235293388366
TR00000258,N0079,0.48219393014907835
TR00000258,N0014,0.44134873151779175
TR00000258,N0036,0.43618505001068114
TR00000258,N0038,0.42532442808151244
TR00000258,N0081,0.41898196935653687
TR00000258,N0023,0.4013809204101562
TR00000258,N0032,0.4013809204101562
TR00000258,N0066,0.4013809204101562
TR00000259,N0051,0.4867237329483032
TR00000259,N0076,0.45886777639389037
TR00000259,N0041,0.4545127987861633
TR00000259,N0080,0.4410959243774414
TR00000259,N0024,0.4378824234008789
TR00000259,N0054,0.428727650642395
TR00000259,N0007,0.40474562644958495
TR00000259,N0057,0.40474562644958495
TR00000259,N0023,0.40378829240798947
TR00000259,N0032,0.40378829240798947
